INSERT INTO `department` (`id`, `name`, `description`, `created_at`, `updated_at`, `deleted_at`) VALUES
(1, 'Cardiology', 'Cardiology is the study of the heart. Cardiology is a branch of medicine that deals with disorders of the heart and the cardiovascular system. The field includes medical diagnosis and treatment of congenital heart defects, coronary artery disease, heart failure, valvular heart disease, and electrophysiology', '2023-06-27 15:31:23.024744', NULL, NULL),
(2, 'Radiology', 'Radiology is the medical discipline that uses medical imaging to diagnose diseases and guide their treatment, within the bodies of humans and other animals', '2023-06-27 15:31:51.912129', NULL, NULL),
(3, 'Orthopedic', 'Orthopedic surgery or orthopedics, is the branch of surgery concerned with conditions involving the musculoskeletal system. Orthopedic surgeons use both surgical and nonsurgical means to treat musculoskeletal trauma, spine diseases, sports injuries, degenerative diseases, infections, tumors, and congenital disorders', '2023-06-27 15:37:36.134056', NULL, NULL),
(4, 'Neurology', 'Neurology is the branch of medicine dealing with the diagnosis and treatment of all categories of conditions and disease involving the nervous system, which comprises the brain, the spinal cord and the peripheral nerves', '2023-06-27 15:37:56.654819', NULL, NULL),
(5, 'Intensive care medicine', 'Intensive care medicine, also called critical care medicine, is a medical specialty that deals with seriously or critically ill patients who have, are at risk of, or are recovering from conditions that may be life-threatening.', '2023-06-27 15:38:29.445529', NULL, NULL),
(6, 'Gastroenterology', 'Gastroenterology is the branch of medicine focused on the digestive system and its disorders. The digestive system consists of the gastrointestinal tract, sometimes referred to as the GI tract', '2023-06-27 15:38:52.349986', NULL, NULL),
(7, 'Outpatient Department', 'An outpatient department or outpatient clinic is the part of a hospital designed for the treatment of outpatients, people with health problems who visit the hospital for diagnosis or treatment, but do not at this time require a bed or to be admitted for overnight care', '2023-06-27 15:39:16.256063', NULL, NULL),
(8, 'Obstetrics and Gynaecology', 'Obstetrics and Gynaecology is the medical specialty that encompasses the two subspecialties of obstetrics and gynecology.', '2023-06-27 15:39:40.515379', NULL, NULL),
(9, 'Otolaryngology logy', 'Otolaryngology logy is a surgical sub speciality within medicine that deals with the surgical and medical management of conditions of the head and neck. Doctors who specialize in this area are called otorhinolaryngologists, otolaryngologists, head and neck surgeons, or ENT surgeons or physicians', '2023-06-27 15:39:57.423909', NULL, NULL),
(10, 'Anesthesiology', 'Anesthesiology, anaesthesiology, or anaesthesia is the medical specialty concerned with the total perioperative care of patients before, during and after surgery. It encompasses anesthesia, intensive care medicine, critical emergency medicine, and pain medicine.', '2023-06-27 15:40:39.684386', NULL, NULL),
(11, 'Hematology', 'Hematology is the branch of medicine concerned with the study of the cause, prognosis, treatment, and prevention of diseases related to blood.', '2023-06-27 15:40:58.618505', NULL, NULL),
(12, 'Casualty department', 'An emergency department, also known as an accident and emergency department, emergency room, emergency ward or casualty department, is a medical treatment facility specializing in emergency medicine, the acute care of patients who present without prior appointment; either by their own means or by that of an ambulance', '2023-06-27 15:41:23.975982', NULL, NULL),
(13, 'Geriatrics', 'Geriatrics, or geriatric medicine, is a medical specialty focused on providing care for the unique health needs of older adults. The term geriatrics originates from the Greek γέρων geron meaning \"old man\", and ιατρός iatros meaning \"healer\".', '2023-06-27 15:41:36.877078', NULL, NULL),
(14, 'ICU', 'An intensive care unit, also known as an intensive therapy unit or intensive treatment unit or critical care unit, is a special department of a hospital or health care facility that provides intensive care medicine', '2023-06-27 15:41:53.719358', NULL, NULL),
(15, 'Coronary care unit', 'A coronary care unit or cardiac intensive care unit is a hospital ward specialized in the care of patients with heart attacks, unstable angina, cardiac dysrhythmia and various other cardiac conditions that require continuous monitoring and treatment', '2023-06-27 15:42:26.252353', NULL, NULL),
(16, 'Unit of measurement', 'A unit of measurement is a definite magnitude of a quantity, defined and adopted by convention or by law, that is used as a standard for measurement of the same kind of quantity. Any other quantity of that kind can be expressed as a multiple of the unit of measurement. For example, a length is a physical quantity.', '2023-06-27 15:42:42.684938', NULL, NULL),
(17, 'Information', 'Information is an abstract concept that refers to that which has the power to inform. At the most fundamental level, information pertains to the interpretation of that which may be sensed, or their abstractions', '2023-06-27 15:42:58.511780', NULL, NULL);

INSERT INTO `division` (`id`, `name`, `created_at`, `updated_at`, `deleted_at`) VALUES
(1, 'Rajshahi Division', '2023-07-18 02:29:37.183232' , NULL, NULL),
(2, 'Rangpur Division', '2023-07-18 02:29:37.183232' , NULL, NULL),
(3, 'Mymensingh Division', '2023-07-18 02:29:37.183232' , NULL, NULL),
(4, 'Barishal Division', '2023-07-18 02:29:37.183232' , NULL, NULL),
(5, 'Chattogram Division', '2023-07-18 02:29:37.183232' , NULL, NULL),
(6, 'Dhaka Division', '2023-07-18 02:29:37.183232' , NULL, NULL),
(7, 'Khulna Division', '2023-07-18 02:29:37.183232' , NULL, NULL),
(8, 'Sylhet Division', '2023-07-18 02:29:37.183232' , NULL, NULL);

INSERT INTO `district` (`id`, `name`, `created_at`, `updated_at`, `deleted_at`, `division_id`) VALUES
(1, 'Joypurhat District', '2023-07-18 02:29:37.183232', NULL, NULL, 1),
(2, 'Bogura District', '2023-07-18 02:29:37.183232', NULL, NULL, 1),
(3, 'Naogaon District', '2023-07-18 02:29:37.183232', NULL, NULL, 1),
(4, 'Natore District', '2023-07-18 02:29:37.183232', NULL, NULL, 1),
(5, 'NawabganjDistrict', '2023-07-18 02:29:37.183232', NULL, NULL, 1),
(6, 'Pabna District', '2023-07-18 02:29:37.183232', NULL, NULL, 1),
(7, 'Sirajganj District', '2023-07-18 02:29:37.183232', NULL, NULL, 1),
(8, 'Rajshahi District', '2023-07-18 02:29:37.183232', NULL, NULL, 1),
(9, 'Dinajpur District', '2023-07-18 02:29:37.183232', NULL, NULL, 2),
(10, 'Gaibandha District', '2023-07-18 02:29:37.183232', NULL, NULL, 2),
(11, 'Kurigram District', '2023-07-18 02:29:37.183232', NULL, NULL, 2),
(12, 'Lalmonirhat District', '2023-07-18 02:29:37.183232', NULL, NULL, 2),
(13, 'Nilphamari District', '2023-07-18 02:29:37.183232', NULL, NULL, 2),
(14, 'Panchagarh District', '2023-07-18 02:29:37.183232', NULL, NULL, 2),
(15, 'Rangpur District', '2023-07-18 02:29:37.183232', NULL, NULL, 2),
(16, 'Thakurgaon District', '2023-07-18 02:29:37.183232', NULL, NULL, 2),
(17, 'Netrokona District', '2023-07-18 02:29:37.183232', NULL, NULL, 3),
(18, 'Sherpur District', '2023-07-18 02:29:37.183232', NULL, NULL, 3),
(19, 'Jamalpur District', '2023-07-18 02:29:37.183232', NULL, NULL, 3),
(20, 'Mymensingh District', '2023-07-18 02:29:37.183232', NULL, NULL, 3),
(21, 'Barguna District', '2023-07-18 02:29:37.183232', NULL, NULL, 4),
(22, 'BarishalDistrict', '2023-07-18 02:29:37.183232', NULL, NULL, 4),
(23, 'Bhola District', '2023-07-18 02:29:37.183232', NULL, NULL, 4),
(24, 'Jhalokati District', '2023-07-18 02:29:37.183232', NULL, NULL, 4),
(25, 'Patuakhali District', '2023-07-18 02:29:37.183232', NULL, NULL, 4),
(26, 'Pirojpur District', '2023-07-18 02:29:37.183232', NULL, NULL, 4),
(27, 'Bandarban District', '2023-07-18 02:29:37.183232', NULL, NULL, 5),
(28, 'Brahmanbaria District', '2023-07-18 02:29:37.183232', NULL, NULL, 5),
(29, 'Chandpur District', '2023-07-18 02:29:37.183232', NULL, NULL, 5),
(30, 'ChattogramDistrict', '2023-07-18 02:29:37.183232', NULL, NULL, 5),
(31, 'CumillaDistrict', '2023-07-18 02:29:37.183232', NULL, NULL, 5),
(32, 'Cox Bazar District', '2023-07-18 02:29:37.183232', NULL, NULL, 5),
(33, 'Feni District', '2023-07-18 02:29:37.183232', NULL, NULL, 5),
(34, 'Khagrachhari District', '2023-07-18 02:29:37.183232', NULL, NULL, 5),
(35, 'Lakshmipur District', '2023-07-18 02:29:37.183232', NULL, NULL, 5),
(36, 'Noakhali District', '2023-07-18 02:29:37.183232', NULL, NULL, 5),
(37, 'RangamatiDistrict', '2023-07-18 02:29:37.183232', NULL, NULL, 5),
(38, 'Dhaka District', '2023-07-18 02:29:37.183232', NULL, NULL, 6),
(39, 'Gazipur District', '2023-07-18 02:29:37.183232', NULL, NULL, 6),
(40, 'GopalganjDistrict', '2023-07-18 02:29:37.183232', NULL, NULL, 6),
(41, 'Kishoreganj District', '2023-07-18 02:29:37.183232', NULL, NULL, 6),
(42, 'Madaripur District', '2023-07-18 02:29:37.183232', NULL, NULL, 6),
(43, 'Manikganj District', '2023-07-18 02:29:37.183232', NULL, NULL, 6),
(44, 'Munshiganj District', '2023-07-18 02:29:37.183232', NULL, NULL, 6),
(45, 'Narayanganj District', '2023-07-18 02:29:37.183232', NULL, NULL, 6),
(46, 'Rajbari District', '2023-07-18 02:29:37.183232', NULL, NULL, 6),
(47, 'Shariatpur District', '2023-07-18 02:29:37.183232', NULL, NULL, 6),
(48, 'Faridpur District', '2023-07-18 02:29:37.183232', NULL, NULL, 6),
(49, 'Tangail District', '2023-07-18 02:29:37.183232', NULL, NULL, 6),
(50, 'Narsingdi District', '2023-07-18 02:29:37.183232', NULL, NULL, 6),
(51, 'Bagerhat District', '2023-07-18 02:29:37.183232', NULL, NULL, 7),
(52, 'Chuadanga District', '2023-07-18 02:29:37.183232', NULL, NULL, 7),
(53, 'JashoreDistrict', '2023-07-18 02:29:37.183232', NULL, NULL, 7),
(54, 'JhenaidaDistrict', '2023-07-18 02:29:37.183232', NULL, NULL, 7),
(55, 'Khulna District', '2023-07-18 02:29:37.183232', NULL, NULL, 7),
(56, 'Kushtia District', '2023-07-18 02:29:37.183232', NULL, NULL, 7),
(57, 'Magura District', '2023-07-18 02:29:37.183232', NULL, NULL, 7),
(58, 'Meherpur District', '2023-07-18 02:29:37.183232', NULL, NULL, 7),
(59, 'Narail District', '2023-07-18 02:29:37.183232', NULL, NULL, 7),
(60, 'Satkhira District', '2023-07-18 02:29:37.183232', NULL, NULL, 7),
(61, 'Habiganj District', '2023-07-18 02:29:37.183232', NULL, NULL, 8),
(62, 'Moulvibazar District', '2023-07-18 02:29:37.183232', NULL, NULL, 8),
(63, 'Sunamganj District', '2023-07-18 02:29:37.183232', NULL, NULL, 8),
(64, 'Sylhet District', '2023-07-18 02:29:37.183232', NULL, NULL, 8);

INSERT INTO `upazila` (`id`, `name`, `created_at`, `updated_at`, `deleted_at`, `district_id`) VALUES
(1, 'Akkelpur Upazila', '2023-07-18 02:29:37.183232', NULL, NULL, 1),
(2, 'Joypurhat Sadar Upazila', '2023-07-18 02:29:37.183232', NULL, NULL, 1),
(3, 'Kalai Upazila', '2023-07-18 02:29:37.183232', NULL, NULL, 1),
(4, 'Khetlal Upazila', '2023-07-18 02:29:37.183232', NULL, NULL, 1),
(5, 'Panchbibi Upazila', '2023-07-18 02:29:37.183232', NULL, NULL, 1),
(6, 'Adamdighi Upazila', '2023-07-18 02:29:37.183232', NULL, NULL, 2),
(7, 'Bogura SadarUpazila', '2023-07-18 02:29:37.183232', NULL, NULL, 2),
(8, 'Dhunat Upazila', '2023-07-18 02:29:37.183232', NULL, NULL, 2),
(9, 'Dhupchanchia Upazila', '2023-07-18 02:29:37.183232', NULL, NULL, 2),
(10, 'Gabtali Upazila', '2023-07-18 02:29:37.183232', NULL, NULL, 2),
(11, 'Kahaloo Upazila', '2023-07-18 02:29:37.183232', NULL, NULL, 2),
(12, 'Nandigram Upazila', '2023-07-18 02:29:37.183232', NULL, NULL, 2),
(13, 'Sariakandi Upazila', '2023-07-18 02:29:37.183232', NULL, NULL, 2),
(14, 'Shajahanpur Upazila', '2023-07-18 02:29:37.183232', NULL, NULL, 2),
(15, 'Sherpur Upazila', '2023-07-18 02:29:37.183232', NULL, NULL, 2),
(16, 'ShibganjUpazila', '2023-07-18 02:29:37.183232', NULL, NULL, 2),
(17, 'Sonatola Upazila', '2023-07-18 02:29:37.183232', NULL, NULL, 2),
(18, 'Atrai Upazila', '2023-07-18 02:29:37.183232', NULL, NULL, 3),
(19, 'Badalgachhi Upazila', '2023-07-18 02:29:37.183232', NULL, NULL, 3),
(20, 'Manda Upazila', '2023-07-18 02:29:37.183232', NULL, NULL, 3),
(21, 'Dhamoirhat Upazila', '2023-07-18 02:29:37.183232', NULL, NULL, 3),
(22, 'Mohadevpur Upazila', '2023-07-18 02:29:37.183232', NULL, NULL, 3),
(23, 'Naogaon Sadar Upazila', '2023-07-18 02:29:37.183232', NULL, NULL, 3),
(24, 'Niamatpur Upazila', '2023-07-18 02:29:37.183232', NULL, NULL, 3),
(25, 'Patnitala Upazila', '2023-07-18 02:29:37.183232', NULL, NULL, 3),
(26, 'Porsha Upazila', '2023-07-18 02:29:37.183232', NULL, NULL, 3),
(27, 'Raninagar Upazila', '2023-07-18 02:29:37.183232', NULL, NULL, 3),
(28, 'Sapahar Upazila', '2023-07-18 02:29:37.183232', NULL, NULL, 3),
(29, 'Bagatipara Upazila', '2023-07-18 02:29:37.183232', NULL, NULL, 4),
(30, 'Baraigram Upazila', '2023-07-18 02:29:37.183232', NULL, NULL, 4),
(31, 'Gurudaspur Upazila', '2023-07-18 02:29:37.183232', NULL, NULL, 4),
(32, 'Lalpur Upazila', '2023-07-18 02:29:37.183232', NULL, NULL, 4),
(33, 'Natore Sadar Upazila', '2023-07-18 02:29:37.183232', NULL, NULL, 4),
(34, 'Singra Upazila', '2023-07-18 02:29:37.183232', NULL, NULL, 4),
(35, 'Naldanga Upazila', '2023-07-18 02:29:37.183232', NULL, NULL, 4),
(36, 'Bholahat Upazila', '2023-07-18 02:29:37.183232', NULL, NULL, 5),
(37, 'GomastapurUpazila', '2023-07-18 02:29:37.183232', NULL, NULL, 5),
(38, 'Nachole Upazila', '2023-07-18 02:29:37.183232', NULL, NULL, 5),
(39, 'NawabganjSadar Upazila', '2023-07-18 02:29:37.183232', NULL, NULL, 5),
(40, 'ShibganjUpazila', '2023-07-18 02:29:37.183232', NULL, NULL, 5),
(41, 'Atgharia Upazila', '2023-07-18 02:29:37.183232', NULL, NULL, 6),
(42, 'Bera Upazila', '2023-07-18 02:29:37.183232', NULL, NULL, 6),
(43, 'Bhangura Upazila', '2023-07-18 02:29:37.183232', NULL, NULL, 6),
(44, 'Chatmohar Upazila', '2023-07-18 02:29:37.183232', NULL, NULL, 6),
(45, 'Faridpur Upazila', '2023-07-18 02:29:37.183232', NULL, NULL, 6),
(46, 'Ishwardi Upazila', '2023-07-18 02:29:37.183232', NULL, NULL, 6),
(47, 'Pabna Sadar Upazila', '2023-07-18 02:29:37.183232', NULL, NULL, 6),
(48, 'Santhia Upazila', '2023-07-18 02:29:37.183232', NULL, NULL, 6),
(49, 'Sujanagar Upazila', '2023-07-18 02:29:37.183232', NULL, NULL, 6),
(50, 'Belkuchi Upazila', '2023-07-18 02:29:37.183232', NULL, NULL, 7),
(51, 'Chauhali Upazila', '2023-07-18 02:29:37.183232', NULL, NULL, 7),
(52, 'Kamarkhanda Upazila', '2023-07-18 02:29:37.183232', NULL, NULL, 7),
(53, 'Kazipur Upazila', '2023-07-18 02:29:37.183232', NULL, NULL, 7),
(54, 'Raiganj Upazila', '2023-07-18 02:29:37.183232', NULL, NULL, 7),
(55, 'Shahjadpur Upazila', '2023-07-18 02:29:37.183232', NULL, NULL, 7),
(56, 'Sirajganj Sadar Upazila', '2023-07-18 02:29:37.183232', NULL, NULL, 7),
(57, 'Tarash Upazila', '2023-07-18 02:29:37.183232', NULL, NULL, 7),
(58, 'Ullahpara Upazila', '2023-07-18 02:29:37.183232', NULL, NULL, 7),
(59, 'Bagha Upazila', '2023-07-18 02:29:37.183232', NULL, NULL, 8),
(60, 'Bagmara Upazila', '2023-07-18 02:29:37.183232', NULL, NULL, 8),
(61, 'Charghat Upazila', '2023-07-18 02:29:37.183232', NULL, NULL, 8),
(62, 'Durgapur Upazila', '2023-07-18 02:29:37.183232', NULL, NULL, 8),
(63, 'Godagari Upazila', '2023-07-18 02:29:37.183232', NULL, NULL, 8),
(64, 'Mohanpur Upazila', '2023-07-18 02:29:37.183232', NULL, NULL, 8),
(65, 'Paba Upazila', '2023-07-18 02:29:37.183232', NULL, NULL, 8),
(66, 'Puthia Upazila', '2023-07-18 02:29:37.183232', NULL, NULL, 8),
(67, 'Tanore Upazila', '2023-07-18 02:29:37.183232', NULL, NULL, 8),
(68, 'Birampur Upazila', '2023-07-18 02:29:37.183232', NULL, NULL, 9),
(69, 'Birganj Upazila', '2023-07-18 02:29:37.183232', NULL, NULL, 9),
(70, 'Biral Upazila', '2023-07-18 02:29:37.183232', NULL, NULL, 9),
(71, 'Bochaganj Upazila', '2023-07-18 02:29:37.183232', NULL, NULL, 9),
(72, 'Chirirbandar Upazila', '2023-07-18 02:29:37.183232', NULL, NULL, 9),
(73, 'PhulbariUpazila', '2023-07-18 02:29:37.183232', NULL, NULL, 9),
(74, 'Ghoraghat Upazila', '2023-07-18 02:29:37.183232', NULL, NULL, 9),
(75, 'Hakimpur Upazila', '2023-07-18 02:29:37.183232', NULL, NULL, 9),
(76, 'Kaharole Upazila', '2023-07-18 02:29:37.183232', NULL, NULL, 9),
(77, 'Khansama Upazila', '2023-07-18 02:29:37.183232', NULL, NULL, 9),
(78, 'Dinajpur Sadar Upazila', '2023-07-18 02:29:37.183232', NULL, NULL, 9),
(79, 'Nawabganj Upazila', '2023-07-18 02:29:37.183232', NULL, NULL, 9),
(80, 'Parbatipur Upazila', '2023-07-18 02:29:37.183232', NULL, NULL, 9),
(81, 'Phulchhari Upazila', '2023-07-18 02:29:37.183232', NULL, NULL, 10),
(82, 'Gaibandha Sadar Upazila', '2023-07-18 02:29:37.183232', NULL, NULL, 10),
(83, 'Gobindaganj Upazila', '2023-07-18 02:29:37.183232', NULL, NULL, 10),
(84, 'Palashbari Upazila', '2023-07-18 02:29:37.183232', NULL, NULL, 10),
(85, 'Sadullapur Upazila', '2023-07-18 02:29:37.183232', NULL, NULL, 10),
(86, 'Sughatta Upazila', '2023-07-18 02:29:37.183232', NULL, NULL, 10),
(87, 'Sundarganj Upazila', '2023-07-18 02:29:37.183232', NULL, NULL, 10),
(88, 'Bhurungamari Upazila', '2023-07-18 02:29:37.183232', NULL, NULL, 11),
(89, 'Char Rajibpur Upazila', '2023-07-18 02:29:37.183232', NULL, NULL, 11),
(90, 'Chilmari Upazila', '2023-07-18 02:29:37.183232', NULL, NULL, 11),
(91, 'Phulbari Upazila', '2023-07-18 02:29:37.183232', NULL, NULL, 11),
(92, 'Kurigram Sadar Upazila', '2023-07-18 02:29:37.183232', NULL, NULL, 11),
(93, 'Nageshwari Upazila', '2023-07-18 02:29:37.183232', NULL, NULL, 11),
(94, 'Rajarhat Upazila', '2023-07-18 02:29:37.183232', NULL, NULL, 11),
(95, 'Raomari Upazila', '2023-07-18 02:29:37.183232', NULL, NULL, 11),
(96, 'Ulipur Upazila', '2023-07-18 02:29:37.183232', NULL, NULL, 11),
(97, 'Aditmari Upazila', '2023-07-18 02:29:37.183232', NULL, NULL, 12),
(98, 'Hatibandha Upazila', '2023-07-18 02:29:37.183232', NULL, NULL, 12),
(99, 'KaliganjUpazila', '2023-07-18 02:29:37.183232', NULL, NULL, 12),
(100, 'Lalmonirhat SadarUpazila', '2023-07-18 02:29:37.183232', NULL, NULL, 12),
(101, 'Patgram Upazila', '2023-07-18 02:29:37.183232', NULL, NULL, 12),
(102, 'Dimla Upazila', '2023-07-18 02:29:37.183232', NULL, NULL, 13),
(103, 'Domar Upazila', '2023-07-18 02:29:37.183232', NULL, NULL, 13),
(104, 'Jaldhaka Upazila', '2023-07-18 02:29:37.183232', NULL, NULL, 13),
(105, 'Kishoreganj Upazila', '2023-07-18 02:29:37.183232', NULL, NULL, 13),
(106, 'Nilphamari Sadar Upazila', '2023-07-18 02:29:37.183232', NULL, NULL, 13),
(107, 'Saidpur Upazila', '2023-07-18 02:29:37.183232', NULL, NULL, 13),
(108, 'Atwari Upazila', '2023-07-18 02:29:37.183232', NULL, NULL, 14),
(109, 'Boda Upazila', '2023-07-18 02:29:37.183232', NULL, NULL, 14),
(110, 'Debiganj Upazila', '2023-07-18 02:29:37.183232', NULL, NULL, 14),
(111, 'Panchagarh Sadar Upazila', '2023-07-18 02:29:37.183232', NULL, NULL, 14),
(112, 'Tetulia Upazila', '2023-07-18 02:29:37.183232', NULL, NULL, 14),
(113, 'Badarganj Upazila', '2023-07-18 02:29:37.183232', NULL, NULL, 15),
(114, 'GangachharaUpazila', '2023-07-18 02:29:37.183232', NULL, NULL, 15),
(115, 'Kaunia Upazila', '2023-07-18 02:29:37.183232', NULL, NULL, 15),
(116, 'Rangpur Sadar Upazila', '2023-07-18 02:29:37.183232', NULL, NULL, 15),
(117, 'Mithapukur Upazila', '2023-07-18 02:29:37.183232', NULL, NULL, 15),
(118, 'Pirgachha Upazila', '2023-07-18 02:29:37.183232', NULL, NULL, 15),
(119, 'Pirganj Upazila', '2023-07-18 02:29:37.183232', NULL, NULL, 15),
(120, 'Taraganj Upazila', '2023-07-18 02:29:37.183232', NULL, NULL, 15),
(121, 'Baliadangi Upazila', '2023-07-18 02:29:37.183232', NULL, NULL, 16),
(122, 'Haripur Upazila', '2023-07-18 02:29:37.183232', NULL, NULL, 16),
(123, 'Pirganj Upazila', '2023-07-18 02:29:37.183232', NULL, NULL, 16),
(124, 'Ranisankail Upazila', '2023-07-18 02:29:37.183232', NULL, NULL, 16),
(125, 'Thakurgaon Sadar Upazila', '2023-07-18 02:29:37.183232', NULL, NULL, 16),
(126, 'Atpara Upazila', '2023-07-18 02:29:37.183232', NULL, NULL, 17),
(127, 'Barhatta Upazila', '2023-07-18 02:29:37.183232', NULL, NULL, 17),
(128, 'Durgapur Upazila', '2023-07-18 02:29:37.183232', NULL, NULL, 17),
(129, 'Khaliajuri Upazila', '2023-07-18 02:29:37.183232', NULL, NULL, 17),
(130, 'Kalmakanda Upazila', '2023-07-18 02:29:37.183232', NULL, NULL, 17),
(131, 'Kendua Upazila', '2023-07-18 02:29:37.183232', NULL, NULL, 17),
(132, 'Madan Upazila', '2023-07-18 02:29:37.183232', NULL, NULL, 17),
(133, 'Mohanganj Upazila', '2023-07-18 02:29:37.183232', NULL, NULL, 17),
(134, 'Netrokona Sadar Upazila', '2023-07-18 02:29:37.183232', NULL, NULL, 17),
(135, 'Purbadhala Upazila', '2023-07-18 02:29:37.183232', NULL, NULL, 17),
(136, 'Jhenaigati Upazila', '2023-07-18 02:29:37.183232', NULL, NULL, 18),
(137, 'Nakla Upazila', '2023-07-18 02:29:37.183232', NULL, NULL, 18),
(138, 'Nalitabari Upazila', '2023-07-18 02:29:37.183232', NULL, NULL, 18),
(139, 'Sherpur Sadar Upazila', '2023-07-18 02:29:37.183232', NULL, NULL, 18),
(140, 'Sreebardi Upazila', '2023-07-18 02:29:37.183232', NULL, NULL, 18),
(141, 'Baksiganj Upazila', '2023-07-18 02:29:37.183232', NULL, NULL, 19),
(142, 'Dewanganj Upazila', '2023-07-18 02:29:37.183232', NULL, NULL, 19),
(143, 'Islampur Upazila', '2023-07-18 02:29:37.183232', NULL, NULL, 19),
(144, 'Jamalpur Sadar Upazila', '2023-07-18 02:29:37.183232', NULL, NULL, 19),
(145, 'Madarganj Upazila', '2023-07-18 02:29:37.183232', NULL, NULL, 19),
(146, 'Melandaha Upazila', '2023-07-18 02:29:37.183232', NULL, NULL, 19),
(147, 'Sarishabari Upazila', '2023-07-18 02:29:37.183232', NULL, NULL, 19),
(148, 'Trishal Upazila', '2023-07-18 02:29:37.183232', NULL, NULL, 20),
(149, 'Dhobaura Upazila', '2023-07-18 02:29:37.183232', NULL, NULL, 20),
(150, 'Fulbaria Upazila', '2023-07-18 02:29:37.183232', NULL, NULL, 20),
(151, 'Gafargaon Upazila', '2023-07-18 02:29:37.183232', NULL, NULL, 20),
(152, 'Gauripur Upazila', '2023-07-18 02:29:37.183232', NULL, NULL, 20),
(153, 'Haluaghat Upazila', '2023-07-18 02:29:37.183232', NULL, NULL, 20),
(154, 'Ishwarganj Upazila', '2023-07-18 02:29:37.183232', NULL, NULL, 20),
(155, 'Mymensingh Sadar Upazila', '2023-07-18 02:29:37.183232', NULL, NULL, 20),
(156, 'MuktagachhaUpazila', '2023-07-18 02:29:37.183232', NULL, NULL, 20),
(157, 'Nandail Upazila', '2023-07-18 02:29:37.183232', NULL, NULL, 20),
(158, 'Phulpur Upazila', '2023-07-18 02:29:37.183232', NULL, NULL, 20),
(159, 'Bhaluka Upazila', '2023-07-18 02:29:37.183232', NULL, NULL, 20),
(160, 'Tara KhandaUpazila', '2023-07-18 02:29:37.183232',NULL, NULL, 20),
(161, 'Amtali Upazila', '2023-07-18 02:29:37.183232',NULL, NULL, 21),
(162, 'Bamna Upazila', '2023-07-18 02:29:37.183232',NULL, NULL, 21),
(163, 'Barguna Sadar Upazila', '2023-07-18 02:29:37.183232',NULL, NULL, 21),
(164, 'Betagi Upazila', '2023-07-18 02:29:37.183232',NULL, NULL, 21),
(165, 'Patharghata Upazila', '2023-07-18 02:29:37.183232',NULL, NULL, 21),
(166, 'Taltali Upazila', '2023-07-18 02:29:37.183232',NULL, NULL, 21),
(167, 'Agailjhara Upazila', '2023-07-18 02:29:37.183232',NULL, NULL, 22),
(168, 'Babuganj Upazila', '2023-07-18 02:29:37.183232',NULL, NULL, 22),
(169, 'Bakerganj Upazila', '2023-07-18 02:29:37.183232',NULL, NULL, 22),
(170, 'Banaripara Upazila', '2023-07-18 02:29:37.183232',NULL, NULL, 22),
(171, 'Gaurnadi Upazila', '2023-07-18 02:29:37.183232',NULL, NULL, 22),
(172, 'Hizla Upazila', '2023-07-18 02:29:37.183232',NULL, NULL, 22),
(173, 'BarishalSadar Upazila', '2023-07-18 02:29:37.183232',NULL, NULL, 22),
(174, 'Mehendiganj Upazila', '2023-07-18 02:29:37.183232',NULL, NULL, 22),
(175, 'Muladi Upazila', '2023-07-18 02:29:37.183232',NULL, NULL, 22),
(176, 'Wazirpur Upazila', '2023-07-18 02:29:37.183232',NULL, NULL, 22),
(177, 'Bhola Sadar Upazila', '2023-07-18 02:29:37.183232',NULL, NULL, 23),
(178, 'BurhanuddinUpazila', '2023-07-18 02:29:37.183232',NULL, NULL, 23),
(179, 'Char Fasson Upazila', '2023-07-18 02:29:37.183232',NULL, NULL, 23),
(180, 'Daulatkhan Upazila', '2023-07-18 02:29:37.183232',NULL, NULL, 23),
(181, 'Lalmohan Upazila', '2023-07-18 02:29:37.183232',NULL, NULL, 23),
(182, 'Manpura Upazila', '2023-07-18 02:29:37.183232',NULL, NULL, 23),
(183, 'Tazumuddin Upazila', '2023-07-18 02:29:37.183232',NULL, NULL, 23),
(184, 'Jhalokati Sadar Upazila', '2023-07-18 02:29:37.183232',NULL, NULL, 24),
(185, 'Kathalia Upazila', '2023-07-18 02:29:37.183232',NULL, NULL, 24),
(186, 'Nalchity Upazila', '2023-07-18 02:29:37.183232',NULL, NULL, 24),
(187, 'Rajapur Upazila', '2023-07-18 02:29:37.183232',NULL, NULL, 24),
(188, 'Bauphal Upazila', '2023-07-18 02:29:37.183232', NULL, NULL, 25),
(189, 'Dashmina Upazila', '2023-07-18 02:29:37.183232', NULL, NULL, 25),
(190, 'Galachipa Upazila', '2023-07-18 02:29:37.183232', NULL, NULL, 25),
(191, 'Kalapara Upazila', '2023-07-18 02:29:37.183232', NULL, NULL, 25),
(192, 'Mirzaganj Upazila', '2023-07-18 02:29:37.183232', NULL, NULL, 25),
(193, 'Patuakhali Sadar Upazila', '2023-07-18 02:29:37.183232', NULL, NULL, 25),
(194, 'Rangabali Upazila', '2023-07-18 02:29:37.183232', NULL, NULL, 25),
(195, 'Dumki Upazila', '2023-07-18 02:29:37.183232', NULL, NULL, 25),
(196, 'Bhandaria Upazila', '2023-07-18 02:29:37.183232', NULL, NULL, 26),
(197, 'Kawkhali Upazila', '2023-07-18 02:29:37.183232', NULL, NULL, 26),
(198, 'Mathbaria Upazila', '2023-07-18 02:29:37.183232', NULL, NULL, 26),
(199, 'Nazirpur Upazila', '2023-07-18 02:29:37.183232', NULL, NULL, 26),
(200, 'Pirojpur Sadar Upazila', '2023-07-18 02:29:37.183232', NULL, NULL, 26),
(201, 'Nesarabad(Swarupkati) Upazila', '2023-07-18 02:29:37.183232', NULL, NULL, 26),
(202, 'Indurkani Upazila', '2023-07-18 02:29:37.183232', NULL, NULL, 26),
(203, 'Ali Kadam Upazila', '2023-07-18 02:29:37.183232', NULL, NULL, 27),
(204, 'Bandarban Sadar Upazila', '2023-07-18 02:29:37.183232', NULL, NULL, 27),
(205, 'Lama Upazila', '2023-07-18 02:29:37.183232', NULL, NULL, 27),
(206, 'Naikhongchhari Upazila', '2023-07-18 02:29:37.183232', NULL, NULL, 27),
(207, 'Rowangchhari Upazila', '2023-07-18 02:29:37.183232', NULL, NULL, 27),
(208, 'Ruma Upazila', '2023-07-18 02:29:37.183232', NULL, NULL, 27),
(209, 'Thanchi Upazila', '2023-07-18 02:29:37.183232', NULL, NULL, 27),
(210, 'Akhaura Upazila', '2023-07-18 02:29:37.183232', NULL, NULL, 28),
(211, 'Bancharampur Upazila', '2023-07-18 02:29:37.183232',NULL, NULL, 28),
(212, 'Brahmanbaria SadarUpazila', '2023-07-18 02:29:37.183232',NULL, NULL, 28),
(213, 'Kasba Upazila', '2023-07-18 02:29:37.183232',NULL, NULL, 28),
(214, 'Nabinagar Upazila', '2023-07-18 02:29:37.183232',NULL, NULL, 28),
(215, 'Nasirnagar Upazila', '2023-07-18 02:29:37.183232',NULL, NULL, 28),
(216, 'Sarail Upazila', '2023-07-18 02:29:37.183232',NULL, NULL, 28),
(217, 'Ashuganj Upazila', '2023-07-18 02:29:37.183232',NULL, NULL, 28),
(218, 'Bijoynagar Upazila', '2023-07-18 02:29:37.183232',NULL, NULL, 28),
(219, 'Chandpur Sadar Upazila', '2023-07-18 02:29:37.183232',NULL, NULL, 29),
(220, 'Faridganj Upazila', '2023-07-18 02:29:37.183232',NULL, NULL, 29),
(221, 'Haimchar Upazila', '2023-07-18 02:29:37.183232',NULL, NULL, 29),
(222, 'Haziganj Upazila', '2023-07-18 02:29:37.183232',NULL, NULL, 29),
(223, 'Kachua Upazila', '2023-07-18 02:29:37.183232',NULL, NULL, 29),
(224, 'Matlab Dakshin Upazila', '2023-07-18 02:29:37.183232',NULL, NULL, 29),
(225, 'Matlab Uttar Upazila', '2023-07-18 02:29:37.183232',NULL, NULL, 29),
(226, 'Shahrasti Upazila', '2023-07-18 02:29:37.183232',NULL, NULL, 29),
(227, 'Anwara Upazila', '2023-07-18 02:29:37.183232',NULL, NULL, 30),
(228, 'Banshkhali Upazila', '2023-07-18 02:29:37.183232',NULL, NULL, 30),
(229, 'Boalkhali Upazila', '2023-07-18 02:29:37.183232',NULL, NULL, 30),
(230, 'Chandanaish Upazila', '2023-07-18 02:29:37.183232',NULL, NULL, 30),
(231, 'Fatikchhari Upazila', '2023-07-18 02:29:37.183232',NULL, NULL, 30),
(232, 'Hathazari Upazila', '2023-07-18 02:29:37.183232',NULL, NULL, 30),
(233, 'Karnaphuli Upazila', '2023-07-18 02:29:37.183232',NULL, NULL, 30),
(234, 'LohagaraUpazila', '2023-07-18 02:29:37.183232',NULL, NULL, 30),
(235, 'Mirsharai Upazila', '2023-07-18 02:29:37.183232',NULL, NULL, 30),
(236, 'Patiya Upazila', '2023-07-18 02:29:37.183232',NULL, NULL, 30),
(237, 'Rangunia Upazila', '2023-07-18 02:29:37.183232',NULL, NULL, 30),
(238, 'Raozan Upazila', '2023-07-18 02:29:37.183232',NULL, NULL, 30),
(239, 'Sandwip Upazila', '2023-07-18 02:29:37.183232',NULL, NULL, 30),
(240, 'Satkania Upazila', '2023-07-18 02:29:37.183232',NULL, NULL, 30),
(241, 'Sitakunda Upazila', '2023-07-18 02:29:37.183232', NULL, NULL, 30),
(242, 'Barura Upazila', '2023-07-18 02:29:37.183232', NULL, NULL, 31),
(243, 'Brahmanpara Upazila', '2023-07-18 02:29:37.183232', NULL, NULL, 31),
(244, 'Burichang Upazila', '2023-07-18 02:29:37.183232', NULL, NULL, 31),
(245, 'Chandina Upazila', '2023-07-18 02:29:37.183232', NULL, NULL, 31),
(246, 'Chauddagram Upazila', '2023-07-18 02:29:37.183232', NULL, NULL, 31),
(247, 'Daudkandi Upazila', '2023-07-18 02:29:37.183232', NULL, NULL, 31),
(248, 'Debidwar Upazila', '2023-07-18 02:29:37.183232', NULL, NULL, 31),
(249, 'Homna Upazila', '2023-07-18 02:29:37.183232', NULL, NULL, 31),
(250, 'Laksam Upazila', '2023-07-18 02:29:37.183232', NULL, NULL, 31),
(251, 'Lalmai Upazila', '2023-07-18 02:29:37.183232', NULL, NULL, 31),
(252, 'Muradnagar Upazila', '2023-07-18 02:29:37.183232', NULL, NULL, 31),
(253, 'Nangalkot Upazila', '2023-07-18 02:29:37.183232', NULL, NULL, 31),
(254, 'Cumilla Adarsha Sadar Upazila', '2023-07-18 02:29:37.183232', NULL, NULL, 31),
(255, 'Meghna Upazila', '2023-07-18 02:29:37.183232', NULL, NULL, 31),
(256, 'Titas Upazila', '2023-07-18 02:29:37.183232', NULL, NULL, 31),
(257, 'MonohargonjUpazila', '2023-07-18 02:29:37.183232', NULL, NULL, 31),
(258, 'Cumilla Sadar Dakshin Upazila', '2023-07-18 02:29:37.183232', NULL, NULL, 31),
(259, 'Chakaria Upazila', '2023-07-18 02:29:37.183232', NULL, NULL, 32),
(260, 'Cox\'s Bazar SadarUpazila', '2023-07-18 02:29:37.183232', NULL, NULL, 32),
(261, 'Kutubdia Upazila', '2023-07-18 02:29:37.183232', NULL, NULL, 32),
(262, 'Maheshkhali Upazila', '2023-07-18 02:29:37.183232', NULL, NULL, 32),
(263, 'Ramu Upazila', '2023-07-18 02:29:37.183232', NULL, NULL, 32),
(264, 'Teknaf Upazila', '2023-07-18 02:29:37.183232', NULL, NULL, 32),
(265, 'Ukhia Upazila', '2023-07-18 02:29:37.183232', NULL, NULL, 32),
(266, 'Pekua Upazila', '2023-07-18 02:29:37.183232', NULL, NULL, 32),
(267, 'Chhagalnaiya Upazila', '2023-07-18 02:29:37.183232', NULL, NULL, 33),
(268, 'Daganbhuiyan Upazila', '2023-07-18 02:29:37.183232', NULL, NULL, 33),
(269, 'Feni Sadar Upazila', '2023-07-18 02:29:37.183232', NULL, NULL, 33),
(270, 'Parshuram Upazila', '2023-07-18 02:29:37.183232', NULL, NULL, 33),
(271, 'Sonagazi Upazila', '2023-07-18 02:29:37.183232', NULL, NULL, 33),
(272, 'Fulgazi Upazila', '2023-07-18 02:29:37.183232', NULL, NULL, 33),
(273, 'Dighinala Upazila', '2023-07-18 02:29:37.183232', NULL, NULL, 34),
(274, 'KhagrachhariUpazila', '2023-07-18 02:29:37.183232', NULL, NULL, 34),
(275, 'Lakshmichhari Upazila', '2023-07-18 02:29:37.183232', NULL, NULL, 34),
(276, 'Mahalchhari Upazila', '2023-07-18 02:29:37.183232', NULL, NULL, 34),
(277, 'Manikchhari Upazila', '2023-07-18 02:29:37.183232', NULL, NULL, 34),
(278, 'Matiranga Upazila', '2023-07-18 02:29:37.183232', NULL, NULL, 34),
(279, 'Panchhari Upazila', '2023-07-18 02:29:37.183232', NULL, NULL, 34),
(280, 'Ramgarh Upazila', '2023-07-18 02:29:37.183232', NULL, NULL, 34),
(281, 'Lakshmipur Sadar Upazila', '2023-07-18 02:29:37.183232', NULL, NULL, 35),
(282, 'Raipur Upazila', '2023-07-18 02:29:37.183232', NULL, NULL, 35),
(283, 'Ramganj Upazila', '2023-07-18 02:29:37.183232', NULL, NULL, 35),
(284, 'Ramgati Upazila', '2023-07-18 02:29:37.183232', NULL, NULL, 35),
(285, 'Kamalnagar Upazila', '2023-07-18 02:29:37.183232', NULL, NULL, 35),
(286, 'Begumganj Upazila', '2023-07-18 02:29:37.183232', NULL, NULL, 36),
(287, 'Noakhali Sadar Upazila', '2023-07-18 02:29:37.183232', NULL, NULL, 36),
(288, 'Chatkhil Upazila', '2023-07-18 02:29:37.183232', NULL, NULL, 36),
(289, 'CompaniganjUpazila', '2023-07-18 02:29:37.183232', NULL, NULL, 36),
(290, 'Hatiya Upazila', '2023-07-18 02:29:37.183232', NULL, NULL, 36),
(291, 'Senbagh Upazila', '2023-07-18 02:29:37.183232', NULL, NULL, 36),
(292, 'Sonaimuri Upazila', '2023-07-18 02:29:37.183232', NULL, NULL, 36),
(293, 'SubarnacharUpazila', '2023-07-18 02:29:37.183232', NULL, NULL, 36),
(294, 'Kabirhat Upazila', '2023-07-18 02:29:37.183232', NULL, NULL, 36),
(295, 'Bagaichhari Upazila', '2023-07-18 02:29:37.183232', NULL, NULL, 37),
(296, 'Barkal Upazila', '2023-07-18 02:29:37.183232', NULL, NULL, 37),
(297, 'Kawkhali(Betbunia) Upazila', '2023-07-18 02:29:37.183232', NULL, NULL, 37),
(298, 'Belaichhari Upazila', '2023-07-18 02:29:37.183232', NULL, NULL, 37),
(299, 'Kaptai Upazila', '2023-07-18 02:29:37.183232', NULL, NULL, 37),
(300, 'Juraichhari Upazila', '2023-07-18 02:29:37.183232', NULL, NULL, 37),
(301, 'Langadu Upazila', '2023-07-18 02:29:37.183232', NULL, NULL, 37),
(302, 'NaniyacharUpazila', '2023-07-18 02:29:37.183232', NULL, NULL, 37),
(303, 'Rajasthali Upazila', '2023-07-18 02:29:37.183232', NULL, NULL, 37),
(304, 'Rangamati Sadar Upazila', '2023-07-18 02:29:37.183232', NULL, NULL, 37),
(305, 'Metropolitan Thana', '2023-07-18 02:29:37.183232', NULL, NULL, 38),
(306, 'Adabor Thana', '2023-07-18 02:29:37.183232', NULL, NULL, 38),
(307, 'Uttar Khan Thana', '2023-07-18 02:29:37.183232', NULL, NULL, 38),
(308, 'Uttara Thana', '2023-07-18 02:29:37.183232', NULL, NULL, 38),
(309, 'Kadamtali Thana', '2023-07-18 02:29:37.183232', NULL, NULL, 38),
(310, 'Kalabagan Thana', '2023-07-18 02:29:37.183232', NULL, NULL, 38),
(311, 'Kafrul Thana', '2023-07-18 02:29:37.183232', NULL, NULL, 38),
(312, 'Kamrangirchar Thana', '2023-07-18 02:29:37.183232', NULL, NULL, 38),
(313, 'Cantonment Thana', '2023-07-18 02:29:37.183232', NULL, NULL, 38),
(314, 'Kotwali Thana', '2023-07-18 02:29:37.183232', NULL, NULL, 38),
(315, 'Khilkhet Thana', '2023-07-18 02:29:37.183232', NULL, NULL, 38),
(316, 'Khilgaon Thana', '2023-07-18 02:29:37.183232', NULL, NULL, 38),
(317, 'Gulshan Thana', '2023-07-18 02:29:37.183232', NULL, NULL, 38),
(318, 'Gendaria Thana', '2023-07-18 02:29:37.183232', NULL, NULL, 38),
(319, 'Chawkbazar Model Thana', '2023-07-18 02:29:37.183232', NULL, NULL, 38),
(320, 'Demra Thana', '2023-07-18 02:29:37.183232', NULL, NULL, 38),
(321, 'Turag Thana', '2023-07-18 02:29:37.183232', NULL, NULL, 38),
(322, 'Tejgaon Thana', '2023-07-18 02:29:37.183232', NULL, NULL, 38),
(323, 'Tejgaon I/A Thana', '2023-07-18 02:29:37.183232', NULL, NULL, 38),
(324, 'Dakshinkhan Thana', '2023-07-18 02:29:37.183232', NULL, NULL, 38),
(325, 'Darus Salam Thana', '2023-07-18 02:29:37.183232', NULL, NULL, 38),
(326, 'Dhanmondi  Thana', '2023-07-18 02:29:37.183232', NULL, NULL, 38),
(327, 'New Market Thana', '2023-07-18 02:29:37.183232', NULL, NULL, 38),
(328, 'Paltan Thana', '2023-07-18 02:29:37.183232', NULL, NULL, 38),
(329, 'Pallabi Thana', '2023-07-18 02:29:37.183232', NULL, NULL, 38),
(330, 'Bangshal Thana', '2023-07-18 02:29:37.183232', NULL, NULL, 38),
(331, 'Badda Thana', '2023-07-18 02:29:37.183232', NULL, NULL, 38),
(332, 'Bimanbandar Thana', '2023-07-18 02:29:37.183232', NULL, NULL, 38),
(333, 'Motijheel Thana', '2023-07-18 02:29:37.183232', NULL, NULL, 38),
(334, 'Mirpur Model Thana', '2023-07-18 02:29:37.183232', NULL, NULL, 38),
(335, 'Mohammadpur Thana', '2023-07-18 02:29:37.183232', NULL, NULL, 38),
(336, 'Jatrabari Thana', '2023-07-18 02:29:37.183232', NULL, NULL, 38),
(337, 'Ramna Thana', '2023-07-18 02:29:37.183232', NULL, NULL, 38),
(338, 'Rampura Thana', '2023-07-18 02:29:37.183232', NULL, NULL, 38),
(339, 'Lalbagh Thana', '2023-07-18 02:29:37.183232', NULL, NULL, 38),
(340, 'Shah Ali Thana', '2023-07-18 02:29:37.183232', NULL, NULL, 38),
(341, 'Shahbagh Thana', '2023-07-18 02:29:37.183232', NULL, NULL, 38),
(342, 'Sher-e-Bangla Nagar Thana', '2023-07-18 02:29:37.183232', NULL, NULL, 38),
(343, 'Shyampur Thana', '2023-07-18 02:29:37.183232', NULL, NULL, 38),
(344, 'Sabujbagh Thana', '2023-07-18 02:29:37.183232', NULL, NULL, 38),
(345, 'Sutrapur Thana', '2023-07-18 02:29:37.183232', NULL, NULL, 38),
(346, 'Hazaribagh Thana', '2023-07-18 02:29:37.183232', NULL, NULL, 38),
(347, 'Dhamrai Upazila', '2023-07-18 02:29:37.183232', NULL, NULL, 38),
(348, 'Dohar Upazila', '2023-07-18 02:29:37.183232', NULL, NULL, 38),
(349, 'Keraniganj Upazila', '2023-07-18 02:29:37.183232', NULL, NULL, 38),
(350, 'Nawabganj Upazila', '2023-07-18 02:29:37.183232', NULL, NULL, 38),
(351, 'Savar Upazila', '2023-07-18 02:29:37.183232', NULL, NULL, 38),
(352, 'Tejgaon Circle Upazila', '2023-07-18 02:29:37.183232', NULL, NULL, 38),
(353, 'Gazipur Sadar Upazila', '2023-07-18 02:29:37.183232', NULL, NULL, 39),
(354, 'Kaliakair Upazila', '2023-07-18 02:29:37.183232', NULL, NULL, 39),
(355, 'Kaliganj Upazila', '2023-07-18 02:29:37.183232', NULL, NULL, 39),
(356, 'Kapasia Upazila', '2023-07-18 02:29:37.183232', NULL, NULL, 39),
(357, 'Sreepur Upazila', '2023-07-18 02:29:37.183232', NULL, NULL, 39),
(358, 'Gopalganj Sadar Upazila', '2023-07-18 02:29:37.183232', NULL, NULL, 40),
(359, 'Kashiani Upazila', '2023-07-18 02:29:37.183232', NULL, NULL, 40),
(360, 'Kotalipara Upazila', '2023-07-18 02:29:37.183232', NULL, NULL, 40),
(361, 'Muksudpur Upazila', '2023-07-18 02:29:37.183232', NULL, NULL, 40),
(362, 'Tungipara Upazila', '2023-07-18 02:29:37.183232', NULL, NULL, 40),
(363, 'Austagram Upazila', '2023-07-18 02:29:37.183232', NULL, NULL, 41),
(364, 'Bajitpur Upazila', '2023-07-18 02:29:37.183232', NULL, NULL, 41),
(365, 'Bhairab Upazila', '2023-07-18 02:29:37.183232', NULL, NULL, 41),
(366, 'Hossainpur Upazila', '2023-07-18 02:29:37.183232', NULL, NULL, 41),
(367, 'Itna Upazila', '2023-07-18 02:29:37.183232', NULL, NULL, 41),
(368, 'Karimganj Upazila', '2023-07-18 02:29:37.183232', NULL, NULL, 41),
(369, 'Katiadi Upazila', '2023-07-18 02:29:37.183232', NULL, NULL, 41),
(370, 'Kishoreganj SadarUpazila', '2023-07-18 02:29:37.183232', NULL, NULL, 41),
(371, 'Kuliarchar Upazila', '2023-07-18 02:29:37.183232', NULL, NULL, 41),
(372, 'Mithamain Upazila', '2023-07-18 02:29:37.183232', NULL, NULL, 41),
(373, 'Nikli Upazila', '2023-07-18 02:29:37.183232', NULL, NULL, 41),
(374, 'Pakundia Upazila', '2023-07-18 02:29:37.183232', NULL, NULL, 41),
(375, 'Tarail Upazila', '2023-07-18 02:29:37.183232', NULL, NULL, 41),
(376, 'Rajoir Upazila', '2023-07-18 02:29:37.183232', NULL, NULL, 42),
(377, 'MadaripurSadar Upazila', '2023-07-18 02:29:37.183232', NULL, NULL, 42),
(378, 'Kalkini Upazila', '2023-07-18 02:29:37.183232', NULL, NULL, 42),
(379, 'Shibchar Upazila', '2023-07-18 02:29:37.183232', NULL, NULL, 42),
(380, 'DaulatpurUpazila', '2023-07-18 02:29:37.183232', NULL, NULL, 43),
(381, 'Ghior Upazila', '2023-07-18 02:29:37.183232', NULL, NULL, 43),
(382, 'Harirampur Upazila', '2023-07-18 02:29:37.183232', NULL, NULL, 43),
(383, 'ManikgonjSadar Upazila', '2023-07-18 02:29:37.183232', NULL, NULL, 43),
(384, 'Saturia Upazila', '2023-07-18 02:29:37.183232', NULL, NULL, 43),
(385, 'Shivalaya Upazila', '2023-07-18 02:29:37.183232', NULL, NULL, 43),
(386, 'Singair Upazila', '2023-07-18 02:29:37.183232', NULL, NULL, 43),
(387, 'Gazaria Upazila', '2023-07-18 02:29:37.183232', NULL, NULL, 44),
(388, 'Lohajang Upazila', '2023-07-18 02:29:37.183232', NULL, NULL, 44),
(389, 'Munshiganj Sadar Upazila', '2023-07-18 02:29:37.183232', NULL, NULL, 44),
(390, 'Sirajdikhan Upazila', '2023-07-18 02:29:37.183232', NULL, NULL, 44),
(391, 'Sreenagar Upazila', '2023-07-18 02:29:37.183232', NULL, NULL, 44),
(392, 'Tongibari Upazila', '2023-07-18 02:29:37.183232', NULL, NULL, 44),
(393, 'Araihazar Upazila', '2023-07-18 02:29:37.183232', NULL, NULL, 45),
(394, 'Bandar Upazila', '2023-07-18 02:29:37.183232', NULL, NULL, 45),
(395, 'Narayanganj SadarUpazila', '2023-07-18 02:29:37.183232', NULL, NULL, 45),
(396, 'Rupganj Upazila', '2023-07-18 02:29:37.183232', NULL, NULL, 45),
(397, 'Sonargaon Upazila', '2023-07-18 02:29:37.183232', NULL, NULL, 45),
(398, 'Baliakandi Upazila', '2023-07-18 02:29:37.183232', NULL, NULL, 46),
(399, 'GoalandaghatUpazila', '2023-07-18 02:29:37.183232', NULL, NULL, 46),
(400, 'Pangsha Upazila', '2023-07-18 02:29:37.183232', NULL, NULL, 46),
(401, 'Rajbari Sadar Upazila', '2023-07-18 02:29:37.183232', NULL, NULL, 46),
(402, 'Kalukhali Upazila', '2023-07-18 02:29:37.183232', NULL, NULL, 46),
(403, 'Bhedarganj Upazila', '2023-07-18 02:29:37.183232', NULL, NULL, 47),
(404, 'Damudya Upazila', '2023-07-18 02:29:37.183232', NULL, NULL, 47),
(405, 'Gosairhat Upazila', '2023-07-18 02:29:37.183232', NULL, NULL, 47),
(406, 'Naria Upazila', '2023-07-18 02:29:37.183232', NULL, NULL, 47),
(407, 'Shariatpur Sadar Upazila', '2023-07-18 02:29:37.183232', NULL, NULL, 47),
(408, 'Zajira Upazila', '2023-07-18 02:29:37.183232', NULL, NULL, 47),
(409, 'Shakhipur Upazila', '2023-07-18 02:29:37.183232', NULL, NULL, 47),
(410, 'Alfadanga Upazila', '2023-07-18 02:29:37.183232', NULL, NULL, 48),
(411, 'Bhanga Upazila', '2023-07-18 02:29:37.183232', NULL, NULL, 48),
(412, 'Boalmari Upazila', '2023-07-18 02:29:37.183232', NULL, NULL, 48),
(413, 'Charbhadrasan Upazila', '2023-07-18 02:29:37.183232', NULL, NULL, 48),
(414, 'Faridpur Sadar Upazila', '2023-07-18 02:29:37.183232', NULL, NULL, 48),
(415, 'Madhukhali Upazila', '2023-07-18 02:29:37.183232', NULL, NULL, 48),
(416, 'Nagarkanda Upazila', '2023-07-18 02:29:37.183232', NULL, NULL, 48),
(417, 'Sadarpur Upazila', '2023-07-18 02:29:37.183232', NULL, NULL, 48),
(418, 'Saltha Upazila', '2023-07-18 02:29:37.183232', NULL, NULL, 48),
(419, 'Gopalpur Upazila', '2023-07-18 02:29:37.183232', NULL, NULL, 49),
(420, 'Basail Upazila', '2023-07-18 02:29:37.183232', NULL, NULL, 49),
(421, 'Bhuapur Upazila', '2023-07-18 02:29:37.183232', NULL, NULL, 49),
(422, 'Delduar Upazila', '2023-07-18 02:29:37.183232', NULL, NULL, 49),
(423, 'Ghatail Upazila', '2023-07-18 02:29:37.183232', NULL, NULL, 49),
(424, 'Kalihati Upazila', '2023-07-18 02:29:37.183232', NULL, NULL, 49),
(425, 'Madhupur Upazila', '2023-07-18 02:29:37.183232', NULL, NULL, 49),
(426, 'Mirzapur Upazila', '2023-07-18 02:29:37.183232', NULL, NULL, 49),
(427, 'Nagarpur Upazila', '2023-07-18 02:29:37.183232', NULL, NULL, 49),
(428, 'Sakhipur Upazila', '2023-07-18 02:29:37.183232', NULL, NULL, 49),
(429, 'Dhanbari Upazila', '2023-07-18 02:29:37.183232', NULL, NULL, 49),
(430, 'Tangail Sadar Upazila', '2023-07-18 02:29:37.183232', NULL, NULL, 49),
(431, 'Narsingdi Sadar Upazila', '2023-07-18 02:29:37.183232', NULL, NULL, 50),
(432, 'Belabo Upazila', '2023-07-18 02:29:37.183232', NULL, NULL, 50),
(433, 'Monohardi Upazila', '2023-07-18 02:29:37.183232', NULL, NULL, 50),
(434, 'Palash Upazila', '2023-07-18 02:29:37.183232', NULL, NULL, 50),
(435, 'RaipuraUpazila', '2023-07-18 02:29:37.183232', NULL, NULL, 50),
(436, 'Shibpur Upazila', '2023-07-18 02:29:37.183232', NULL, NULL, 50),
(437, 'Bagerhat Sadar Upazila', '2023-07-18 02:29:37.183232', NULL, NULL, 51),
(438, 'Chitalmari Upazila', '2023-07-18 02:29:37.183232', NULL, NULL, 51),
(439, 'Fakirhat Upazila', '2023-07-18 02:29:37.183232', NULL, NULL, 51),
(440, 'Kachua Upazila', '2023-07-18 02:29:37.183232', NULL, NULL, 51),
(441, 'Mollahat Upazila', '2023-07-18 02:29:37.183232', NULL, NULL, 51),
(442, 'Mongla Upazila', '2023-07-18 02:29:37.183232', NULL, NULL, 51),
(443, 'Morrelganj Upazila', '2023-07-18 02:29:37.183232', NULL, NULL, 51),
(444, 'Rampal Upazila', '2023-07-18 02:29:37.183232', NULL, NULL, 51),
(445, 'Sarankhola Upazila', '2023-07-18 02:29:37.183232', NULL, NULL, 51),
(446, 'Alamdanga Upazila', '2023-07-18 02:29:37.183232', NULL, NULL, 52),
(447, 'Chuadanga Sadar Upazila', '2023-07-18 02:29:37.183232', NULL, NULL, 52),
(448, 'Damurhuda Upazila', '2023-07-18 02:29:37.183232', NULL, NULL, 52),
(449, 'Jibannagar Upazila', '2023-07-18 02:29:37.183232', NULL, NULL, 52),
(450, 'Abhaynagar Upazila', '2023-07-18 02:29:37.183232', NULL, NULL, 53),
(451, 'Bagherpara Upazila', '2023-07-18 02:29:37.183232', NULL, NULL, 53),
(452, 'Chaugachha Upazila', '2023-07-18 02:29:37.183232', NULL, NULL, 53),
(453, 'JhikargachhaUpazila', '2023-07-18 02:29:37.183232', NULL, NULL, 53),
(454, 'Keshabpur Upazila', '2023-07-18 02:29:37.183232', NULL, NULL, 53),
(455, 'Jashore SadarUpazila', '2023-07-18 02:29:37.183232', NULL, NULL, 53),
(456, 'Manirampur Upazila', '2023-07-18 02:29:37.183232', NULL, NULL, 53),
(457, 'Sharsha Upazila', '2023-07-18 02:29:37.183232', NULL, NULL, 53),
(458, 'Harinakunda Upazila', '2023-07-18 02:29:37.183232', NULL, NULL, 54),
(459, 'Jhenaidah Sadar Upazila', '2023-07-18 02:29:37.183232', NULL, NULL, 54),
(460, 'Kaliganj Upazila', '2023-07-18 02:29:37.183232', NULL, NULL, 54),
(461, 'Kotchandpur Upazila', '2023-07-18 02:29:37.183232', NULL, NULL, 54),
(462, 'Maheshpur Upazila', '2023-07-18 02:29:37.183232', NULL, NULL, 54),
(463, 'Shailkupa Upazila', '2023-07-18 02:29:37.183232', NULL, NULL, 54),
(464, 'Batiaghata Upazila', '2023-07-18 02:29:37.183232', NULL, NULL, 55),
(465, 'Dacope Upazila', '2023-07-18 02:29:37.183232', NULL, NULL, 55),
(466, 'Dumuria Upazila', '2023-07-18 02:29:37.183232', NULL, NULL, 55),
(467, 'Dighalia Upazila', '2023-07-18 02:29:37.183232', NULL, NULL, 55),
(468, 'Koyra Upazila', '2023-07-18 02:29:37.183232', NULL, NULL, 55),
(469, 'Paikgachha Upazila', '2023-07-18 02:29:37.183232', NULL, NULL, 55),
(470, 'Phultala Upazila', '2023-07-18 02:29:37.183232', NULL, NULL, 55),
(471, 'Rupsha Upazila', '2023-07-18 02:29:37.183232', NULL, NULL, 55),
(472, 'Terokhada Upazila', '2023-07-18 02:29:37.183232', NULL, NULL, 55),
(473, 'Bheramara Upazila', '2023-07-18 02:29:37.183232', NULL, NULL, 56),
(474, 'Daulatpur Upazila', '2023-07-18 02:29:37.183232', NULL, NULL, 56),
(475, 'Khoksa Upazila', '2023-07-18 02:29:37.183232', NULL, NULL, 56),
(476, 'Kumarkhali Upazila', '2023-07-18 02:29:37.183232', NULL, NULL, 56),
(477, 'Kushtia Sadar Upazila', '2023-07-18 02:29:37.183232', NULL, NULL, 56),
(478, 'Mirpur Upazila', '2023-07-18 02:29:37.183232', NULL, NULL, 56),
(479, 'Magura Sadar Upazila', '2023-07-18 02:29:37.183232', NULL, NULL, 57),
(480, 'Mohammadpur Upazila', '2023-07-18 02:29:37.183232', NULL, NULL, 57),
(481, 'Shalikha Upazila', '2023-07-18 02:29:37.183232', NULL, NULL, 57),
(482, 'Sreepur Upazila', '2023-07-18 02:29:37.183232', NULL, NULL, 57),
(483, 'Gangni Upazila', '2023-07-18 02:29:37.183232', NULL, NULL, 58),
(484, 'Meherpur Sadar Upazila', '2023-07-18 02:29:37.183232', NULL, NULL, 58),
(485, 'Mujibnagar Upazila', '2023-07-18 02:29:37.183232', NULL, NULL, 58),
(486, 'Kalia Upazila', '2023-07-18 02:29:37.183232', NULL, NULL, 59),
(487, 'Lohagara Upazila', '2023-07-18 02:29:37.183232', NULL, NULL, 59),
(488, 'Narail Sadar Upazila', '2023-07-18 02:29:37.183232', NULL, NULL, 59),
(489, 'Naragati Thana', '2023-07-18 02:29:37.183232', NULL, NULL, 59),
(490, 'Assasuni Upazila', '2023-07-18 02:29:37.183232', NULL, NULL, 60),
(491, 'Debhata Upazila', '2023-07-18 02:29:37.183232', NULL, NULL, 60),
(492, 'Kalaroa Upazila', '2023-07-18 02:29:37.183232', NULL, NULL, 60),
(493, 'Kaliganj Upazila', '2023-07-18 02:29:37.183232', NULL, NULL, 60),
(494, 'Satkhira Sadar Upazila', '2023-07-18 02:29:37.183232', NULL, NULL, 60),
(495, 'Shyamnagar Upazila', '2023-07-18 02:29:37.183232', NULL, NULL, 60),
(496, 'Tala Upazila', '2023-07-18 02:29:37.183232', NULL, NULL, 60),
(497, 'Ajmiriganj Upazila', '2023-07-18 02:29:37.183232', NULL, NULL, 61),
(498, 'Bahubal Upazila', '2023-07-18 02:29:37.183232', NULL, NULL, 61),
(499, 'BaniyachongUpazila', '2023-07-18 02:29:37.183232', NULL, NULL, 61),
(500, 'Chunarughat Upazila', '2023-07-18 02:29:37.183232', NULL, NULL, 61),
(501, 'Habiganj Sadar Upazila', '2023-07-18 02:29:37.183232', NULL, NULL, 61),
(502, 'Lakhai Upazila', '2023-07-18 02:29:37.183232', NULL, NULL, 61),
(503, 'Madhabpur Upazila', '2023-07-18 02:29:37.183232', NULL, NULL, 61),
(504, 'Nabiganj Upazila', '2023-07-18 02:29:37.183232', NULL, NULL, 61),
(505, 'SayestaganjUpazila', '2023-07-18 02:29:37.183232', NULL, NULL, 61),
(506, 'Barlekha Upazila', '2023-07-18 02:29:37.183232', NULL, NULL, 62),
(507, 'Juri Upazila', '2023-07-18 02:29:37.183232', NULL, NULL, 62),
(508, 'Kamalganj Upazila', '2023-07-18 02:29:37.183232', NULL, NULL, 62),
(509, 'Kulaura Upazila', '2023-07-18 02:29:37.183232', NULL, NULL, 62),
(510, 'Moulvibazar SadarUpazila', '2023-07-18 02:29:37.183232', NULL, NULL, 62),
(511, 'Rajnagar Upazila', '2023-07-18 02:29:37.183232', NULL, NULL, 62),
(512, 'Sreemangal Upazila', '2023-07-18 02:29:37.183232', NULL, NULL, 62),
(513, 'Bishwamvarpur Upazila', '2023-07-18 02:29:37.183232', NULL, NULL, 63),
(514, 'Chhatak Upazila', '2023-07-18 02:29:37.183232', NULL, NULL, 63),
(515, 'Dakshin SunamganjUpazila', '2023-07-18 02:29:37.183232', NULL, NULL, 63),
(516, 'Derai Upazila', '2023-07-18 02:29:37.183232', NULL, NULL, 63),
(517, 'DharamapashaUpazila', '2023-07-18 02:29:37.183232', NULL, NULL, 63),
(518, 'Dowarabazar Upazila', '2023-07-18 02:29:37.183232', NULL, NULL, 63),
(519, 'Jagannathpur Upazila', '2023-07-18 02:29:37.183232', NULL, NULL, 63),
(520, 'Jamalganj Upazila', '2023-07-18 02:29:37.183232', NULL, NULL, 63),
(521, 'Sullah Upazila', '2023-07-18 02:29:37.183232', NULL, NULL, 63),
(522, 'Sunamganj Sadar Upazila', '2023-07-18 02:29:37.183232', NULL, NULL, 63);
INSERT INTO `upazila` (`id`, `name`, `created_at`, `updated_at`, `deleted_at`, `district_id`) VALUES
(523, 'Tahirpur Upazila', '2023-07-18 02:29:37.183232', NULL, NULL, 63),
(524, 'Balaganj Upazila', '2023-07-18 02:29:37.183232', NULL, NULL, 64),
(525, 'Beanibazar Upazila', '2023-07-18 02:29:37.183232', NULL, NULL, 64),
(526, 'Bishwanath Upazila', '2023-07-18 02:29:37.183232', NULL, NULL, 64),
(527, 'Companigonj Upazila', '2023-07-18 02:29:37.183232', NULL, NULL, 64),
(528, 'Dakshin Surma Upazila', '2023-07-18 02:29:37.183232', NULL, NULL, 64),
(529, 'Fenchuganj Upazila', '2023-07-18 02:29:37.183232', NULL, NULL, 64),
(530, 'Golapganj Upazila', '2023-07-18 02:29:37.183232', NULL, NULL, 64),
(531, 'Gowainghat Upazila', '2023-07-18 02:29:37.183232', NULL, NULL, 64),
(532, 'Jaintiapur Upazila', '2023-07-18 02:29:37.183232', NULL, NULL, 64),
(533, 'Kanaighat Upazila', '2023-07-18 02:29:37.183232', NULL, NULL, 64),
(534, 'Osmani Nagar Upazila', '2023-07-18 02:29:37.183232', NULL, NULL, 64),
(535, 'Sylhet Sadar Upazila', '2023-07-18 02:29:37.183232', NULL, NULL, 64),
(536, 'Zakiganj Upazila', '2023-07-18 02:29:37.183232', NULL, NULL, 64);

INSERT INTO `gender` (`id`, `name`) VALUES
(1, 'Male'),
(2, 'Female'),
(3, 'Other');

INSERT INTO `blood_group` (`id`, `name`) VALUES
(1, 'A+'),
(2, 'A-'),
(3, 'B+'),
(4, 'B-'),
(5, 'O+'),
(6, 'O-'),
(7, 'AB+'),
(8, 'AB-');

INSERT INTO `matrimony` (`id`, `name`) VALUES
(1, 'Married'),
(2, 'Unmarried'),
(3, 'Separated, or Widowed'),
(4, 'Divorced'),
(5, 'Other');


INSERT INTO `religion` (`id`, `name`) VALUES
(1, 'Islam'),
(2, 'Hinduism'),
(3, 'Christianity'),
(4, 'Buddhism'),
(5, 'Other');

INSERT INTO `board` (`id`, `name`) VALUES
(1, 'Barisal Board'),
(2, 'Chittagong Board'),
(3, 'Comilla Board'),
(4, 'Dhaka Board'),
(5, 'Dinajpur Board'),
(6, 'Jessore Board'),
(7, 'Mymensingh Board'),
(8, 'Rajshahi Board'),
(9, 'Sylhet Board'),
(10, 'Madrasah Education Board'),
(11, 'Technical Education Board'),
(12, 'National Curriculum and Textbook Board.');


INSERT INTO `user`( `id`, `user_name`, `email`, `password`, `hash`, `role`, `status`, `created_at`, `updated_at`, `deleted_at` ) VALUES
(1, 'admin', 'admin@admin.com', 'admin', '8c6976e5b5410415bde908bd4dee15dfb167a9c873fc4bb8a81f6f2ab448a918', 'admin', 'active', '2023-07-02 23:27:25', NULL, NULL );

INSERT INTO `otp` (`id`, `otp`, `is_verified`, `created_at`, `updated_at`, `deleted_at`, `user_id`) VALUES ('1', '0', '1', '2023-07-18 02:29:37.183232', NULL, NULL, '1');

INSERT INTO `medicine_brand` (`id`, `name`) VALUES
(1, 'ACI Limited'),
(2, 'ACME Laboratories Ltd.'),
(3, 'Ad-din Pharmaceuticals Ltd.'),
(4, 'Aexim Pharmaceuticals Ltd.'),
(5, 'Al-Madina Pharmaceuticals Ltd.'),
(6, 'Alco Pharma Ltd.'),
(7, 'Alkad Laboratories'),
(8, 'Allied Pharmaceuticals Ltd.'),
(9, 'Ambee Pharmaceuticals Ltd.'),
(10, 'Amico Laboratories Ltd.'),
(11, 'Amulet Pharmaceuticals Ltd.'),
(12, 'APC Pharma Ltd.'),
(13, 'Apex Pharmaceuticals Ltd.'),
(14, 'Apollo Pharmaceutical Ltd.'),
(15, 'Arges Life Science Limited'),
(16, 'Aristopharma Ltd.'),
(17, 'Asiatic Laboratories Ltd.'),
(18, 'Astra Biopharmaceuticals Ltd.'),
(19, 'Aztec Pharmaceuticals Ltd.'),
(20, 'Bangladesh Immunity Co'),
(21, 'Beacon Pharmaceuticals Ltd.'),
(22, 'Belsen Pharmaceuticals Ltd.'),
(23, 'Bengal drugs Ltd.'),
(24, 'Benham Pharmaceuticals Ltd.'),
(25, 'Beximco Pharmaceuticals Ltd.'),
(26, 'Biogene Pharma Ltd.'),
(27, 'Biopharma Laboratories Ltd.'),
(28, 'BioRx'),
(29, 'BOTS Pvt. Limited'),
(30, 'Bristol Pharmaceuticals Ltd.'),
(31, 'Centeon Pharma Ltd.'),
(32, 'Central Pharmaceuticals Ltd.'),
(33, 'Chemist Laboratories Ltd.'),
(34, 'City Overseas Ltd.'),
(35, 'Concord Pharmaceuticals Ltd.'),
(36, 'Cosmic Pharma Ltd.'),
(37, 'Cosmo Pharma Ltd.'),
(38, 'Credence Pharmaceuticals Ltd.'),
(39, 'Crystal Pharmaceuticals Ltd.'),
(40, 'D16 Pharma & Biotec'),
(41, 'Decent Pharma Laboratories Ltd.'),
(42, 'Delta Pharma Ltd.'),
(43, 'Desh Pharmaceuticals Ltd.'),
(44, 'Doctor TIMS Pharmaceuticals Ltd.'),
(45, 'Doctor’s Chemical Works Ltd.'),
(46, 'Drug International Ltd.'),
(47, 'Eastern Pharmaceuticals Ltd.'),
(48, 'Edruc Ltd.'),
(49, 'Elixir Pharmaceuticals Ltd.'),
(50, 'Eskayef Pharmaceuticals Ltd.'),
(51, 'Ethical Drug Ltd.'),
(52, 'Euro Pharma Ltd.'),
(53, 'Everest Pharmaceuticals Ltd.'),
(54, 'Fabrique en France'),
(55, 'FnF Pharmaceuticals Ltd.'),
(56, 'Gaco Pharmaceuticals Ltd.'),
(57, 'General Pharmaceuticals Ltd.'),
(58, 'Genvio Pharma Ltd.'),
(59, 'Get Well Ltd.'),
(60, 'GlaxoSmithKline'),
(61, 'Globe Pharmaceuticals Ltd.'),
(62, 'Globex Pharmaceuticals Ltd.'),
(63, 'Gonoshasthaya Pharma Ltd.'),
(64, 'Goodman Pharmaceuticals Ltd.'),
(65, 'Greenland Pharmaceuticals Ltd.'),
(66, 'Guardian Healthcare Ltd.'),
(67, 'Hallmark Pharmaceuticals Ltd.'),
(68, 'Healthcare Pharmaceuticals Ltd.'),
(69, 'Hudson Pharmaceuticals Ltd.'),
(70, 'Ibn Sina Pharmaceuticals Ltd.'),
(71, 'Incepta Pharmaceuticals Ltd.'),
(72, 'Indo Bangla Pharmaceutical'),
(73, 'Innova Pharma (Albion)'),
(74, 'Institute of Public Health (IPH)'),
(75, 'International Agencies (Bd.) Limited'),
(76, 'Janata Traders'),
(77, 'Jayson Pharma Ltd.'),
(78, 'Julphar Bangladesh Ltd.'),
(79, 'Kawsar Chemicals'),
(80, 'Kemiko Pharmaceuticals Ltd.'),
(81, 'Kumudini Pharma Ltd.'),
(82, 'Labaid Pharma Ltd.'),
(83, 'Legends Pharma'),
(84, 'Leon Pharmaceuticals Ltd.'),
(85, 'Libra Infusions Ltd.'),
(86, 'Libra Pharmaceuticls Ltd.'),
(87, 'Linde Bangladesh Ltd.'),
(88, 'Marie Stopes Bangladesh'),
(89, 'Marker Pharma Ltd.'),
(90, 'Marksman Pharmaceuticals Ltd.'),
(91, 'Medicon Pharmaceuticals Ltd.'),
(92, 'Medimet Pharmaceuticals Ltd.'),
(93, 'MedRx Life Science Ltd.'),
(94, 'Millat Pharmaceuticals Ltd.'),
(95, 'Modern Pharmaceuticals Ltd.'),
(96, 'Momotaz Pharmaceuticals Ltd.'),
(97, 'Monicopharma Ltd.'),
(98, 'MST Pharma'),
(99, 'Mundipharma (BD) Pvt. Ltd.'),
(100, 'Mystic Pharmaceuticals Ltd.'),
(101, 'Naafco Pharma Ltd.'),
(102, 'Navana Pharmaceuticals Ltd.'),
(103, 'Nipa Pharmaceuticals Ltd.'),
(104, 'NIPRO JMI Pharma Ltd.'),
(105, 'Novartis (Bangladesh) Ltd.'),
(106, 'Novelta Bestway Pharmaceuticals Ltd.'),
(107, 'Novo Healthcare and Pharma Ltd.'),
(108, 'Novo Nordisk'),
(109, 'Novus Pharmaceuticals Ltd.'),
(110, 'Nuvista Pharma Ltd.'),
(111, 'One Pharma Ltd.'),
(112, 'Opso Saline Ltd.'),
(113, 'Opsonin Pharma Ltd.'),
(114, 'Orbit Pharmaceuticals Ltd.'),
(115, 'Organic Health Care'),
(116, 'Orion Infusion Ltd.'),
(117, 'Orion Pharma Ltd.'),
(118, 'Oyster Pharmaceuticals Ltd.'),
(119, 'Pacific Pharmaceuticals Ltd.'),
(120, 'Peoples Pharma Ltd.'),
(121, 'Pfizer'),
(122, 'Pharmacil Limited'),
(123, 'Pharmadesh Laboratories Ltd.'),
(124, 'Pharmasia Limited'),
(125, 'Pharmik Laboratories Ltd.'),
(126, 'Phoenix Chemical Laboratory'),
(127, 'Popular Pharmaceuticals Ltd.'),
(128, 'Premier Pharmaceuticals Ltd.'),
(129, 'Prime Pharmaceuticals Ltd.'),
(130, 'Quality Pharmaceuticals Ltd.'),
(131, 'Radiant Pharmaceuticals Ltd.'),
(132, 'Rangs Pharmaceuticals Ltd.'),
(133, 'Reckitt & Benckiser Bangladesh Ltd.'),
(134, 'Reliance Pharmaceuticals Ltd.'),
(135, 'Reman Drug Laboratories Ltd.'),
(136, 'Renata Limited'),
(137, 'Rephco Pharmaceuticals Ltd.'),
(138, 'RN Pharmaceuticals'),
(139, 'Roche Bangladesh Ltd.'),
(140, 'S.N. Pharmaceutical Ltd.'),
(141, 'Salton Pharmaceuticals Ltd.'),
(142, 'SANDOZ (A Novartis Division)'),
(143, 'Sanofi Bangladesh Ltd.'),
(144, 'Seba Laboratories Ltd.'),
(145, 'Seema Pharmaceuticals Ltd.'),
(146, 'Servier Bangladesh Operation'),
(147, 'Sharif Pharmaceuticals Ltd.'),
(148, 'Silco Pharmaceutical Ltd.'),
(149, 'Silva Pharmaceuticals Ltd.'),
(150, 'Skylab Pharmaceuticals Ltd.'),
(151, 'Social Marketing Company'),
(152, 'Somatec Pharmaceuticals Ltd.'),
(153, 'Sonear Laboratories Ltd.'),
(154, 'Square Pharmaceuticals Ltd.'),
(155, 'Sun Pharmaceutical Ltd.'),
(156, 'Sunman-Birdem Pharma Ltd.'),
(157, 'Supreme Pharmaceutical Ltd.'),
(158, 'Syntho Laboratories Ltd.'),
(159, 'Team Pharmaceuticals Ltd.'),
(160, 'Techno Drugs Ltd.'),
(161, 'The White Horse Pharma'),
(162, 'Therapeutics Bangladesh Ltd.'),
(163, 'Ultra Pharma Ltd.'),
(164, 'Unimed Unihealth MFG. Ltd.'),
(165, 'Unique Pharmaceuticals Ltd.'),
(166, 'United Pharmaceuticals Ltd.'),
(167, 'Veritas Pharmaceuticals Ltd.'),
(168, 'Virgo Pharmaceuticals Ltd.'),
(169, 'ZAS Corporation'),
(170, 'Zenith Pharmaceuticals Ltd.'),
(171, 'Ziska Pharmaceuticals Ltd.');

INSERT INTO `medicine_generic` (`id`, `name`) VALUES
(1, 'Aceclofenac'),
(2, 'Acetylcysteine USP'),
(3, 'Aciclovir'),
(4, 'Aciclovir BP 5% & Hydrocortisone BP 1%'),
(5, 'Acyclovir USP'),
(6, 'Adapalene'),
(7, 'Adapalene+Benzoyl peroxide'),
(8, 'Adefovir Dipivoxil'),
(9, 'Albendazole'),
(10, 'Allopurinol'),
(11, 'Allylestrenol'),
(12, 'Ambrisentan'),
(13, 'Ambroxol'),
(14, 'Amikacin Sulfate USP'),
(15, 'Amitriptyline HCl'),
(16, 'Amlexanox'),
(17, 'Amlodipine'),
(18, 'Amlodipine + Atenolol'),
(19, 'Amlodipine + Olmesartan Medoxomil'),
(20, 'Amoxicillin'),
(21, 'Amoxicillin + Clavulanic acid'),
(22, 'Antacid'),
(23, 'Antacid'),
(24, 'Antiallergic'),
(25, 'Aripiprazole'),
(26, 'Artemether + Lumefantrine'),
(27, 'Aspirin'),
(28, 'Astaxanthin'),
(29, 'Atorvastatin'),
(30, 'Azelastine Hydrochloride & Fluticasone Propionate'),
(31, 'Azithromycin'),
(32, 'Baclofen'),
(33, 'Baricitinib 2 mg'),
(34, 'Beclometasone Dipropionate'),
(35, 'Beclomethasone dipropionate'),
(36, 'Benzydamine Hydrochloride BP'),
(37, 'Beta Carotene + Vit. C + Vit. E'),
(38, 'Betahistine Mesilate'),
(39, 'Betamethasone + Salicylic Acid'),
(40, 'Betamethasone Dipropionate'),
(41, 'Betamethasone Dipropionate & Clotrimazole'),
(42, 'Betamethasone Dipropionate & Neomycin Sulphate'),
(43, 'Betrixaban'),
(44, 'Bicarbonate Hemodialysis Solution (Acidic Component)'),
(45, 'Bicarbonate Hemodialysis Solution (Basic Component)'),
(46, 'Bilastine'),
(47, 'Bimatoprost 0.03% & Timolol 0.5%'),
(48, 'Bisoprolol + Amlodipine'),
(49, 'Bisoprolol Fumarate'),
(50, 'Bisoprolol Fumarate+ Hydrochlorothiazide'),
(51, 'Bromazepam'),
(52, 'Bromfenac Sodium'),
(53, 'Bromhexine HCl'),
(54, 'Bromocriptine mesilate'),
(55, 'Budesonide+ Formoterol Fumarate Dihydrate'),
(56, 'Butamirate CItrate'),
(57, 'Cabergoline'),
(58, 'Calcipotriol'),
(59, 'Calcipotriol+Betamethasone Dipropionate'),
(60, 'Calcitriol'),
(61, 'Calcium + Vitamin-D'),
(62, 'Calcium 500 mg (algae Source) and Vitamin D3 200 IU'),
(63, 'Calcium 600 mg + Vitamin D 400 IU'),
(64, 'Calcium Carbonate'),
(65, 'Calcium Carbonate'),
(66, 'Calcium Carbonate (from Coral source) USP 1250 mg & Vit'),
(67, 'Calcium laclate gluconate + Calcium carbonate + Ascorbi'),
(68, 'Calcium+Vitamin-D+Multimineral'),
(69, 'Canagliflozin'),
(70, 'Carbamazepine'),
(71, 'Carbimazole'),
(72, 'Carboxymethylcellulose Sodium 1%'),
(73, 'Cefaclor'),
(74, 'Cefadroxil Monohydrate'),
(75, 'Cefazolin'),
(76, 'Cefepime'),
(77, 'Cefixime'),
(78, 'Cefoperazone'),
(79, 'Cefotaxime'),
(80, 'Cefpodoxime Proxetil'),
(81, 'Ceftazidime'),
(82, 'Ceftibuten'),
(83, 'Ceftriaxone'),
(84, 'Cefuroxime & Clavulanic Acid'),
(85, 'Cefuroxime Sodium'),
(86, 'Cephradine'),
(87, 'Cetirizine HCl'),
(88, 'Chloramphenicol'),
(89, 'Chlorhexidine Gluconate'),
(90, 'Chlorhexidine Gluconate 7.1% Solution'),
(91, 'Chlorpheniramine maleate BP'),
(92, 'Cholecalciferol EP (Vitamin D3)'),
(93, 'Ciclopirox Olamine'),
(94, 'Ciclopirox Olamine USP 1%'),
(95, 'Cilnidipine'),
(96, 'Cilostazol'),
(97, 'Cinchocaine HCI + Hydrocortisone + Framycetin Sulphate'),
(98, 'Cinnarizine'),
(99, 'Cinnarizine+Dimenhydrinate'),
(100, 'Ciprofloxacin'),
(101, 'Ciprofloxacin'),
(102, 'Ciprofloxacin 0.2% w/v IV Infusion'),
(103, 'Citicoline'),
(104, 'Clarithromycin'),
(105, 'Clindamycin HCl'),
(106, 'Clindamycin Phosphate+Tretinoin'),
(107, 'Clobetasol Propionate'),
(108, 'Clobetasol Propionate +Neomycin Sulphate +Nystatin'),
(109, 'Clobetasol Propionate BP'),
(110, 'Clobetasol Propionate, Ofloxacin, Ornidazole & Terbinaf'),
(111, 'Clobetasone Butyrate'),
(112, 'Clonazepam'),
(113, 'Clopidogrel'),
(114, 'Clopidogrel + Aspirin'),
(115, 'Clotrimazole'),
(116, 'Clotrimazole'),
(117, 'Coenzyme Q10 (Ubidecarenone USP)'),
(118, 'Colchicine'),
(119, 'Colistimethate Sodium'),
(120, 'Coral Calcium 600 mg + Vitamin D 400 IU Tablet'),
(121, 'Dantrolene Sodium'),
(122, 'Dapoxetine Hydrochloride INN'),
(123, 'Deflazacort'),
(124, 'Desloratadine'),
(125, 'Dex-Ibuprofen'),
(126, 'Dexamethasone'),
(127, 'Dexamethasone+Chloramphenicol'),
(128, 'Dexlansoprazole'),
(129, 'Dextran 70 + Hypromellose'),
(130, 'Dextromethorphan'),
(131, 'Dextromethorphan HBr + Phenylephrine HCl + Triprolidine'),
(132, 'Dextrose Anhydrous USP'),
(133, 'Dextrose Anhydrous USP 4.30% w/v & Sodium Chloride BP 0'),
(134, 'Diazepam'),
(135, 'Diclofenac'),
(136, 'Diclofenac Sodium + Misoprostol'),
(137, 'Diclofenac Sodium BP'),
(138, 'Dictofenac Sodium & Lidocain Hydrochloride'),
(139, 'Dicycloverine HCl'),
(140, 'Dienogest 2 mg Tablet'),
(141, 'Diltiazem HCl'),
(142, 'Diosmin + Hesperidine'),
(143, 'Diosmin BP 900 mg & Hesperidin USP 100 mg'),
(144, 'Diphenhydramine HCl'),
(145, 'Diphenhydramine HCl+ Zn Acetate'),
(146, 'Domperidone'),
(147, 'Domperidone'),
(148, 'Doxofylline INN'),
(149, 'Doxycycline HCI'),
(150, 'Doxylamine Succinate + Pyridoxine Hydrochloride'),
(151, 'Drospirenone & Estradiol'),
(152, 'Dry Powder Inhaler (DPI) Device'),
(153, 'Duloxetine'),
(154, 'Ebastine BP'),
(155, 'Econazole Nitrate +Triamcenolone Acetonide'),
(156, 'Eflornithine Hydrochloride 13.9%'),
(157, 'Empagliflozin'),
(158, 'Empagliflozin and Metformin Hydrochloride'),
(159, 'Enoxaparin Sodium'),
(160, 'Entecavir'),
(161, 'Eperisone HCl'),
(162, 'Erythromycin'),
(163, 'Erythromycin'),
(164, 'Erythropoietin BP'),
(165, 'Escitalopram'),
(166, 'Esomeprazole'),
(167, 'Esomeprazole'),
(168, 'Estriol'),
(169, 'Etodolac'),
(170, 'Etoricoxib'),
(171, 'Eucalyptol+Menthol+Methyl Salicylate+Thymol+Sodium Fluo'),
(172, 'Famotidine'),
(173, 'Favipiravir'),
(174, 'Febuxostat'),
(175, 'Fenofibrate'),
(176, 'Fenticonazole Nitrate BP'),
(177, 'Ferric Carboxymaltose'),
(178, 'Fexofenadine HCl'),
(179, 'Filgrastim'),
(180, 'Finsteride'),
(181, 'Flucloxacillin'),
(182, 'Fluconazole'),
(183, 'Flunarizine HCl'),
(184, 'Fluocinolone Acetonide USP 0.1 mg, Tretinoin USP 0.5 mg'),
(185, 'Fluoxetine HCl'),
(186, 'Flupenthixol + Melitracen'),
(187, 'Fluticasone Furoate'),
(188, 'Fluticasone propionate'),
(189, 'Fluticasone propionate'),
(190, 'Folic Acid and Zinc Sulfate Monohydrate'),
(191, 'Fondaparinux Sodium'),
(192, 'Fosfomycin 3 gm'),
(193, 'Furosemide'),
(194, 'Fusidic Acid & Hydrocortisone Acetate'),
(195, 'Gabapentin'),
(196, 'Gemifloxacin'),
(197, 'Gentamicin'),
(198, 'Glibenclamide'),
(199, 'Gliclazide'),
(200, 'Glimepiride'),
(201, 'Glimepiride and Metformin Hydrochloride'),
(202, 'Glucosamine Sulfate & Diacerein'),
(203, 'Glucosamine Sulfate + Chondroitin'),
(204, 'Glycerin BP'),
(205, 'Glycopyrronium + Indacaterol'),
(206, 'Granisetron HCl'),
(207, 'Guaifenesin + Levomenthol + Diphenhydramine HCl'),
(208, 'Halobetasol Propionate'),
(209, 'Haloperidol'),
(210, 'Hartmann’s solution'),
(211, 'Hydrocortisone Acetate'),
(212, 'Hydroxychloroquine Sulfate'),
(213, 'Ibandronic acid'),
(214, 'Imipramine'),
(215, 'Indapamide'),
(216, 'Insulin Glargine'),
(217, 'Insulin Human (rDNA)'),
(218, 'Insulin Human (rDNA)'),
(219, 'Ipratropium Bromide'),
(220, 'Ipratropium Bromide'),
(221, 'Iron (III) Hydroxide Polymaltose Complex, Folic Acid, T'),
(222, 'Iron Polymaltose + Thiamine + Riboflavin + Nicotinamide'),
(223, 'Iron Sucrose'),
(224, 'Itraconazole'),
(225, 'Ivabradine'),
(226, 'Ivermectin BP'),
(227, 'Ivermectin BP 0.5%'),
(228, 'Ketoconazole'),
(229, 'Ketoprofen'),
(230, 'Ketorolac Tromethamine'),
(231, 'Ketotifen Fumarate'),
(232, 'Ketotifen Fumarate'),
(233, 'L-Ornithine L-Aspartate 150 mg'),
(234, 'Lactulose'),
(235, 'Lamivudine'),
(236, 'Lamotrigine'),
(237, 'Lansoprazole'),
(238, 'Lansoprazole + Clarithromycin + Amoxicillin'),
(239, 'Letrozole'),
(240, 'Leucovorin (Folinic Acid)'),
(241, 'Levetiracetam'),
(242, 'Levocarnitine'),
(243, 'Levocetirizine'),
(244, 'Levodopa + Carbidopa'),
(245, 'Levofloxacin'),
(246, 'Levofloxacin 0.5% w/v IV Infusion'),
(247, 'Levonorgestrel'),
(248, 'Levosalbutamol'),
(249, 'Levothyroxine Sodium'),
(250, 'Light liquid paraffin & White soft paraffin'),
(251, 'Linagliptin'),
(252, 'Linagliptin and Metformin Hydrochloride'),
(253, 'Linezolid USP'),
(254, 'Lomefloxacin'),
(255, 'Lomefloxacin'),
(256, 'Loperamide HCl'),
(257, 'Loratadine'),
(258, 'Losartan Potassium'),
(259, 'Losartan Potassium + Hydrochlorthiazide'),
(260, 'Lubiprostone 8 mcg'),
(261, 'Lurasidone'),
(262, 'Macrogol & Electrolytes'),
(263, 'Magaldrate+Simethicone'),
(264, 'Magnesium Hydroxide & Liquid Paraffin'),
(265, 'Mebeverine Hydrochloride BP'),
(266, 'Meclizine HCl + Pyridoxine HCl'),
(267, 'Mecobalamin'),
(268, 'Melatonin'),
(269, 'Meloxicam'),
(270, 'Menthol + Thymol + Eucalyptol + Methyl Salicylate'),
(271, 'Meropenem'),
(272, 'Mesalamine USP 800 mg'),
(273, 'Metformin HCl'),
(274, 'Methyl Salicylate + Menthol'),
(275, 'Methylprednisolone'),
(276, 'Metronidazole'),
(277, 'Metronidazole 0.5% w/v IV Infusion'),
(278, 'Metronidazole+ Neomycin Sulphate+ Polymyxin B Sulphate'),
(279, 'Miconazole'),
(280, 'Miconazole Nitrate'),
(281, 'Miconazole nitrate+ Hydrocortisone'),
(282, 'Midazolam'),
(283, 'Mifepristone & Misoprostol'),
(284, 'Minoxidil BP'),
(285, 'Mirtazapine'),
(286, 'Misoprostol'),
(287, 'Mometasone Furoate'),
(288, 'Monobasic Sodium Phospate and Dibasic Sodium Phosphate'),
(289, 'Montelukast'),
(290, 'Moxifloxacin'),
(291, 'Moxifloxacin 0.16% w/v IV Infusion'),
(292, 'Moxifloxacin 0.5% & Dexamethasone Phosphate 0.1%'),
(293, 'Moxifloxacin USP'),
(294, 'Find More'),
(295, 'Multivitamin & Multimineral'),
(296, 'Multivitamin with Cod Liver Oil'),
(297, 'Multivitamin with L-Lysine'),
(298, 'Mupirocin'),
(299, 'Naproxen'),
(300, 'Naproxen+Esomeprazole'),
(301, 'Nebivolol Hydrochloride'),
(302, 'Nebivolol+Hydrochlorothiazide (β -blocker & Combinatio'),
(303, 'Nelfinavir'),
(304, 'Neomycin Sulphate + Bacitracin Zinc'),
(305, 'Neomycin Sulphate, Bacitracin Zinc & Polymyxin B Sulpha'),
(306, 'Nifedipine'),
(307, 'Nimodipine'),
(308, 'Nitazoxanide'),
(309, 'Nitrofurantoin USP'),
(310, 'Nitroglycerin'),
(311, 'Norepinephrine 2 mg/ 2 ml'),
(312, 'Norethisterone'),
(313, 'Nystatin'),
(314, 'Obeticholic Acid 5 mg'),
(315, 'Ofloxacin'),
(316, 'Olanzapine'),
(317, 'Olmesartan Medoxomil'),
(318, 'Olmesartan Medoxomil+Hydrochlorothiazide'),
(319, 'Olopatadine HCl'),
(320, 'Omeprazole'),
(321, 'Ondansetron HCl'),
(322, 'Orlistat'),
(323, 'Ornidazole'),
(324, 'Oxiconazole'),
(325, 'Oxymetazoline'),
(326, 'Palonosetron'),
(327, 'Pancreatin BP'),
(328, 'Pantoprazole'),
(329, 'Paracetamol & Caffeine'),
(330, 'Paracetamol+Tramadol'),
(331, 'Paroxetine HCl'),
(332, 'Pentoxifylline'),
(333, 'Permethrin'),
(334, 'Phenoxymethyl Penicillin'),
(335, 'Phytomenadione'),
(336, 'Piperacillin and Tazobactam'),
(337, 'Piracetam'),
(338, 'Pivmecillinam'),
(339, 'Pizotifen Malate'),
(340, 'Potassium Citrate & Citric Acid Monohydrate'),
(341, 'Povidone Iodine'),
(342, 'Prazosin'),
(343, 'Prednisolone'),
(344, 'Pregabalin'),
(345, 'Prochlorperazine Mesilate'),
(346, 'Procyclidine HCl'),
(347, 'Prucalopride 1 mg & 2 mg'),
(348, 'Rabeprazole Sodium INN'),
(349, 'Rabeprazole, Amoxicillin & Clarithromycin'),
(350, 'Racecadotril BP'),
(351, 'Ramipril'),
(352, 'Ranolazine'),
(353, 'Rasagiline'),
(354, 'Raubasine + Almitrine Bismesylate'),
(355, 'Remdesivir'),
(356, 'Retapamulin'),
(357, 'Reusable Insulin Pen'),
(358, 'Reusable Insulin Pen'),
(359, 'Rice based oral rehydration salt'),
(360, 'Rifaximin'),
(361, 'Risedronate Sodium'),
(362, 'Risedronate Sodium & Calcium'),
(363, 'Rivaroxaban'),
(364, 'Ropinirole'),
(365, 'Rosuvastatin'),
(366, 'Rupatadine 10 mg'),
(367, 'Sacubitril & Valsartan'),
(368, 'Salbutamol + Ipratropium Bromide'),
(369, 'Salbutamol + Ipratropium Bromide'),
(370, 'Salbutamol Sulphate'),
(371, 'Salbutamol Sulphate'),
(372, 'Salicylic Acid BP 12%'),
(373, 'Salmeterol & Fluticasone Propionate BP'),
(374, 'Salmeterol + Fluticasone'),
(375, 'Secnidazole'),
(376, 'Sildenafil Citrate INN'),
(377, 'Silodosin INN 8 mg'),
(378, 'Silver Sulfadiazine'),
(379, 'Simethicone'),
(380, 'Sitagliptin'),
(381, 'Sitagliptin + Metformin Hydrochloride'),
(382, 'Sodium Alendronate +Vit D3'),
(383, 'Sodium Alginate + Potassium Bicarbonate'),
(384, 'Sodium Chloride'),
(385, 'Sodium Chloride 0.5% w/v, Potassium Chloride 0.1% w/v a'),
(386, 'Sodium Chloride BP 0.225% w/v and Dextrose Anhydrous US'),
(387, 'Sodium Chloride BP 0.45% w/v and Dextrose Anhydrous USP'),
(388, 'Sodium Chloride BP 0.9% w/v'),
(389, 'Sodium Chloride BP 0.9% w/v and Dextrose USP 5% w/v'),
(390, 'Sodium Cromoglicate + Xylometazoline HCl'),
(391, 'Sodium Polystyrene Sulfonate USP'),
(392, 'Sodium valproate+ Valproic acid'),
(393, 'Sofosbuvir'),
(394, 'Solifenacin Succinate'),
(395, 'Solution of 5% Composite Amino Acid with Electrolytes'),
(396, 'Sparfloxacin'),
(397, 'Spironolactone + Furosemide'),
(398, 'Sucralfate 1 gm/5 ml Suspension'),
(399, 'Sulphamethoxazole+Trimethoprim'),
(400, 'Suvorexant'),
(401, 'Tacrolimus'),
(402, 'Tadalafil'),
(403, 'Tamsulosin HCl'),
(404, 'Tamsulosin Hydrochloride 0.4 mg & Dutasteride 0.5 mg'),
(405, 'Tenofovir Alafenamide'),
(406, 'Tenofovir Disoproxil Fumarate'),
(407, 'Tenoxicam'),
(408, 'Terbinafine HCL'),
(409, 'Tetracycline HCl'),
(410, 'Theophylline'),
(411, 'Thiopental Sodium'),
(412, 'TiboloneSteroid Hormone'),
(413, 'Find More'),
(414, 'Ticagrelor'),
(415, 'Tiemonium Methylsulfate'),
(416, 'Tofacitinib'),
(417, 'Tolfenamic Acid'),
(418, 'Tolterodine Tartrate'),
(419, 'Torsemide'),
(420, 'Tramadol HCl'),
(421, 'Tranexamic acid'),
(422, 'Travoprost 0.004%'),
(423, 'Triamcenolone Acetonide'),
(424, 'Trihexyphenidyl Hydrochloride USP'),
(425, 'Trimebutine Maleate'),
(426, 'Trimetazidine HCl'),
(427, 'Ulipristal Acetate INN 5 mg'),
(428, 'Urea'),
(429, 'Ursodeoxycholic Acid BP'),
(430, 'Valaciclovir'),
(431, 'Vildagliptin'),
(432, 'Vildagliptin+Metformin'),
(433, 'Vinpocetine'),
(434, 'Vitamin B Complex'),
(435, 'Vitamin B Complex and Zinc'),
(436, 'Vitamin B1 +Vitamin B6 +Vitamin B12'),
(437, 'Vitamin C+Vitamin E+ Zinc+Copper+Lutein'),
(438, 'Vitamin E as alpha-Tocopheryl Acetate'),
(439, 'Vitamin-C'),
(440, 'Voriconazole'),
(441, 'Xylometazoline HCl'),
(442, 'Zinc Oxide'),
(443, 'Zinc Oxide USP 10%, Avobenzone USP 1%, Octinoxate USP 7'),
(444, 'Zinc Sulfate Monohydrate'),
(445, 'Zinc Sulfate+Folic Acid+Carbonyl Iron'),
(446, 'Zinc Sulphate'),
(447, 'Zinc Sulphate Monohydrate + Ferrous Sulphate + Folic Ac'),
(448, 'Zinc sulphate Monohydrate +Carbonyl Iron+Folicacid+ Thi'),
(449, 'Zoledronic Acid 5 mg solution for infusion'),
(450, 'Zolmitriptan');2
INSERT INTO `medicine_type` (`id`, `name`) VALUES
(1, 'Syrup'),
(2, 'Tablet'),
(3, 'Capsule'),
(4, 'Topical medicine'),
(5, 'Suppositor'),
(6, 'Drop'),
(7, 'Inhaler'),
(8, 'Injection'),
(9, 'Gel'),
(10, 'Suspension'),
(11, 'Effervescent Tablet'),
(12, 'IV Injection'),
(13, 'Injection(Pre-filled Syringe)'),
(14, 'Sublingual Spray'),
(15, 'Tablet(Chewable)'),
(16, 'Infusion'),
(17, 'Powder for Suspension'),
(18, 'Intramuscular'),
(19, 'Intravenous'),
(20, 'Dry Syrup'),
(21, 'IM Injection'),
(22, 'Cream'),
(23, 'Ointment'),
(24, 'Cream & Ointment'),
(25, 'Eye Drop'),
(26, 'Ped. Drop'),
(27, 'MDI(Manual Daily Injection)'),
(28, 'DPI(Dry Powder Inhaler)'),
(29, 'Oral Solution');
INSERT INTO `medicine_strength` (`id`, `name`, `created_at`, `updated_at`, `deleted_at`) VALUES (1, '100 gm', '2021-02-15 16:59:49', NULL, NULL), (2, '250 gm', '2021-02-15 16:59:49', NULL, NULL), (3, '500 gm', '2021-02-15 16:59:49', NULL, NULL)