INSERT INTO `department_department` (`id`, `name`, `description`, `created_at`, `updated_at`, `deleted_at`) VALUES
(1, 'Cardiology', 'Cardiology is the study of the heart. Cardiology is a branch of medicine that deals with disorders of the heart and the cardiovascular system. The field includes medical diagnosis and treatment of congenital heart defects, coronary artery disease, heart failure, valvular heart disease, and electrophysiology', '2023-06-27 15:31:23.024744', NULL, NULL),
(2, 'Radiology', 'Radiology is the medical discipline that uses medical imaging to diagnose diseases and guide their treatment, within the bodies of humans and other animals', '2023-06-27 15:31:51.912129', NULL, NULL),
(3, 'Orthopedic', 'Orthopedic surgery or orthopedics, is the branch of surgery concerned with conditions involving the musculoskeletal system. Orthopedic surgeons use both surgical and nonsurgical means to treat musculoskeletal trauma, spine diseases, sports injuries, degenerative diseases, infections, tumors, and congenital disorders', '2023-06-27 15:37:36.134056', NULL, NULL),
(4, 'Neurology', 'Neurology is the branch of medicine dealing with the diagnosis and treatment of all categories of conditions and disease involving the nervous system, which comprises the brain, the spinal cord and the peripheral nerves', '2023-06-27 15:37:56.654819', NULL, NULL),
(5, 'Intensive care medicine', 'Intensive care medicine, also called critical care medicine, is a medical specialty that deals with seriously or critically ill patients who have, are at risk of, or are recovering from conditions that may be life-threatening.', '2023-06-27 15:38:29.445529', NULL, NULL),
(6, 'Gastroenterology', 'Gastroenterology is the branch of medicine focused on the digestive system and its disorders. The digestive system consists of the gastrointestinal tract, sometimes referred to as the GI tract', '2023-06-27 15:38:52.349986', NULL, NULL),
(7, 'Outpatient Department', 'An outpatient department or outpatient clinic is the part of a hospital designed for the treatment of outpatients, people with health problems who visit the hospital for diagnosis or treatment, but do not at this time require a bed or to be admitted for overnight care', '2023-06-27 15:39:16.256063', NULL, NULL),
(8, 'Obstetrics and Gynaecology', 'Obstetrics and Gynaecology is the medical specialty that encompasses the two subspecialties of obstetrics and gynecology.', '2023-06-27 15:39:40.515379', NULL, NULL),
(9, 'Otolaryngology logy', 'Otolaryngology logy is a surgical sub speciality within medicine that deals with the surgical and medical management of conditions of the head and neck. Doctors who specialize in this area are called otorhinolaryngologists, otolaryngologists, head and neck surgeons, or ENT surgeons or physicians', '2023-06-27 15:39:57.423909', NULL, NULL),
(10, 'Anesthesiology', 'Anesthesiology, anaesthesiology, or anaesthesia is the medical specialty concerned with the total perioperative care of patients before, during and after surgery. It encompasses anesthesia, intensive care medicine, critical emergency medicine, and pain medicine.', '2023-06-27 15:40:39.684386', NULL, NULL),
(11, 'Hematology', 'Hematology is the branch of medicine concerned with the study of the cause, prognosis, treatment, and prevention of diseases related to blood.', '2023-06-27 15:40:58.618505', NULL, NULL),
(12, 'Casualty department', 'An emergency department, also known as an accident and emergency department, emergency room, emergency ward or casualty department, is a medical treatment facility specializing in emergency medicine, the acute care of patients who present without prior appointment; either by their own means or by that of an ambulance', '2023-06-27 15:41:23.975982', NULL, NULL),
(13, 'Geriatrics', 'Geriatrics, or geriatric medicine, is a medical specialty focused on providing care for the unique health needs of older adults. The term geriatrics originates from the Greek γέρων geron meaning \"old man\", and ιατρός iatros meaning \"healer\".', '2023-06-27 15:41:36.877078', NULL, NULL),
(14, 'ICU', 'An intensive care unit, also known as an intensive therapy unit or intensive treatment unit or critical care unit, is a special department of a hospital or health care facility that provides intensive care medicine', '2023-06-27 15:41:53.719358', NULL, NULL),
(15, 'Coronary care unit', 'A coronary care unit or cardiac intensive care unit is a hospital ward specialized in the care of patients with heart attacks, unstable angina, cardiac dysrhythmia and various other cardiac conditions that require continuous monitoring and treatment', '2023-06-27 15:42:26.252353', NULL, NULL),
(16, 'Unit of measurement', 'A unit of measurement is a definite magnitude of a quantity, defined and adopted by convention or by law, that is used as a standard for measurement of the same kind of quantity. Any other quantity of that kind can be expressed as a multiple of the unit of measurement. For example, a length is a physical quantity.', '2023-06-27 15:42:42.684938', NULL, NULL),
(17, 'Information', 'Information is an abstract concept that refers to that which has the power to inform. At the most fundamental level, information pertains to the interpretation of that which may be sensed, or their abstractions', '2023-06-27 15:42:58.511780', NULL, NULL);

INSERT INTO `personal_data_division` (`id`, `name`, `created_at`, `updated_at`, `deleted_at`) VALUES
(1, 'Rajshahi Division', '2023-07-18 02:29:37.183232' , NULL, NULL),
(2, 'Rangpur Division', '2023-07-18 02:29:37.183232' , NULL, NULL),
(3, 'Mymensingh Division', '2023-07-18 02:29:37.183232' , NULL, NULL),
(4, 'Barishal Division', '2023-07-18 02:29:37.183232' , NULL, NULL),
(5, 'Chattogram Division', '2023-07-18 02:29:37.183232' , NULL, NULL),
(6, 'Dhaka Division', '2023-07-18 02:29:37.183232' , NULL, NULL),
(7, 'Khulna Division', '2023-07-18 02:29:37.183232' , NULL, NULL),
(8, 'Sylhet Division', '2023-07-18 02:29:37.183232' , NULL, NULL);

INSERT INTO `personal_data_district` (`id`, `name`, `created_at`, `updated_at`, `deleted_at`, `division_id`) VALUES
(1, 'Joypurhat District', '2023-07-18 02:29:37.183232', NULL, NULL, 1),
(2, 'Bogura District', '2023-07-18 02:29:37.183232', NULL, NULL, 1),
(3, 'Naogaon District', '2023-07-18 02:29:37.183232', NULL, NULL, 1),
(4, 'Natore District', '2023-07-18 02:29:37.183232', NULL, NULL, 1),
(5, 'NawabganjDistrict', '2023-07-18 02:29:37.183232', NULL, NULL, 1),
(6, 'Pabna District', '2023-07-18 02:29:37.183232', NULL, NULL, 1),
(7, 'Sirajganj District', '2023-07-18 02:29:37.183232', NULL, NULL, 1),
(8, 'Rajshahi District', '2023-07-18 02:29:37.183232', NULL, NULL, 1),
(9, 'Dinajpur District', '2023-07-18 02:29:37.183232', NULL, NULL, 2),
(10, 'Gaibandha District', '2023-07-18 02:29:37.183232', NULL, NULL, 2),
(11, 'Kurigram District', '2023-07-18 02:29:37.183232', NULL, NULL, 2),
(12, 'Lalmonirhat District', '2023-07-18 02:29:37.183232', NULL, NULL, 2),
(13, 'Nilphamari District', '2023-07-18 02:29:37.183232', NULL, NULL, 2),
(14, 'Panchagarh District', '2023-07-18 02:29:37.183232', NULL, NULL, 2),
(15, 'Rangpur District', '2023-07-18 02:29:37.183232', NULL, NULL, 2),
(16, 'Thakurgaon District', '2023-07-18 02:29:37.183232', NULL, NULL, 2),
(17, 'Netrokona District', '2023-07-18 02:29:37.183232', NULL, NULL, 3),
(18, 'Sherpur District', '2023-07-18 02:29:37.183232', NULL, NULL, 3),
(19, 'Jamalpur District', '2023-07-18 02:29:37.183232', NULL, NULL, 3),
(20, 'Mymensingh District', '2023-07-18 02:29:37.183232', NULL, NULL, 3),
(21, 'Barguna District', '2023-07-18 02:29:37.183232', NULL, NULL, 4),
(22, 'BarishalDistrict', '2023-07-18 02:29:37.183232', NULL, NULL, 4),
(23, 'Bhola District', '2023-07-18 02:29:37.183232', NULL, NULL, 4),
(24, 'Jhalokati District', '2023-07-18 02:29:37.183232', NULL, NULL, 4),
(25, 'Patuakhali District', '2023-07-18 02:29:37.183232', NULL, NULL, 4),
(26, 'Pirojpur District', '2023-07-18 02:29:37.183232', NULL, NULL, 4),
(27, 'Bandarban District', '2023-07-18 02:29:37.183232', NULL, NULL, 5),
(28, 'Brahmanbaria District', '2023-07-18 02:29:37.183232', NULL, NULL, 5),
(29, 'Chandpur District', '2023-07-18 02:29:37.183232', NULL, NULL, 5),
(30, 'ChattogramDistrict', '2023-07-18 02:29:37.183232', NULL, NULL, 5),
(31, 'CumillaDistrict', '2023-07-18 02:29:37.183232', NULL, NULL, 5),
(32, 'Cox Bazar District', '2023-07-18 02:29:37.183232', NULL, NULL, 5),
(33, 'Feni District', '2023-07-18 02:29:37.183232', NULL, NULL, 5),
(34, 'Khagrachhari District', '2023-07-18 02:29:37.183232', NULL, NULL, 5),
(35, 'Lakshmipur District', '2023-07-18 02:29:37.183232', NULL, NULL, 5),
(36, 'Noakhali District', '2023-07-18 02:29:37.183232', NULL, NULL, 5),
(37, 'RangamatiDistrict', '2023-07-18 02:29:37.183232', NULL, NULL, 5),
(38, 'Dhaka District', '2023-07-18 02:29:37.183232', NULL, NULL, 6),
(39, 'Gazipur District', '2023-07-18 02:29:37.183232', NULL, NULL, 6),
(40, 'GopalganjDistrict', '2023-07-18 02:29:37.183232', NULL, NULL, 6),
(41, 'Kishoreganj District', '2023-07-18 02:29:37.183232', NULL, NULL, 6),
(42, 'Madaripur District', '2023-07-18 02:29:37.183232', NULL, NULL, 6),
(43, 'Manikganj District', '2023-07-18 02:29:37.183232', NULL, NULL, 6),
(44, 'Munshiganj District', '2023-07-18 02:29:37.183232', NULL, NULL, 6),
(45, 'Narayanganj District', '2023-07-18 02:29:37.183232', NULL, NULL, 6),
(46, 'Rajbari District', '2023-07-18 02:29:37.183232', NULL, NULL, 6),
(47, 'Shariatpur District', '2023-07-18 02:29:37.183232', NULL, NULL, 6),
(48, 'Faridpur District', '2023-07-18 02:29:37.183232', NULL, NULL, 6),
(49, 'Tangail District', '2023-07-18 02:29:37.183232', NULL, NULL, 6),
(50, 'Narsingdi District', '2023-07-18 02:29:37.183232', NULL, NULL, 6),
(51, 'Bagerhat District', '2023-07-18 02:29:37.183232', NULL, NULL, 7),
(52, 'Chuadanga District', '2023-07-18 02:29:37.183232', NULL, NULL, 7),
(53, 'JashoreDistrict', '2023-07-18 02:29:37.183232', NULL, NULL, 7),
(54, 'JhenaidaDistrict', '2023-07-18 02:29:37.183232', NULL, NULL, 7),
(55, 'Khulna District', '2023-07-18 02:29:37.183232', NULL, NULL, 7),
(56, 'Kushtia District', '2023-07-18 02:29:37.183232', NULL, NULL, 7),
(57, 'Magura District', '2023-07-18 02:29:37.183232', NULL, NULL, 7),
(58, 'Meherpur District', '2023-07-18 02:29:37.183232', NULL, NULL, 7),
(59, 'Narail District', '2023-07-18 02:29:37.183232', NULL, NULL, 7),
(60, 'Satkhira District', '2023-07-18 02:29:37.183232', NULL, NULL, 7),
(61, 'Habiganj District', '2023-07-18 02:29:37.183232', NULL, NULL, 8),
(62, 'Moulvibazar District', '2023-07-18 02:29:37.183232', NULL, NULL, 8),
(63, 'Sunamganj District', '2023-07-18 02:29:37.183232', NULL, NULL, 8),
(64, 'Sylhet District', '2023-07-18 02:29:37.183232', NULL, NULL, 8);

INSERT INTO `personal_data_upazila` (`id`, `name`, `created_at`, `updated_at`, `deleted_at`, `district_id`) VALUES
(1, 'Akkelpur Upazila', '2023-07-18 02:29:37.183232', NULL, NULL, 1),
(2, 'Joypurhat Sadar Upazila', '2023-07-18 02:29:37.183232', NULL, NULL, 1),
(3, 'Kalai Upazila', '2023-07-18 02:29:37.183232', NULL, NULL, 1),
(4, 'Khetlal Upazila', '2023-07-18 02:29:37.183232', NULL, NULL, 1),
(5, 'Panchbibi Upazila', '2023-07-18 02:29:37.183232', NULL, NULL, 1),
(6, 'Adamdighi Upazila', '2023-07-18 02:29:37.183232', NULL, NULL, 2),
(7, 'Bogura SadarUpazila', '2023-07-18 02:29:37.183232', NULL, NULL, 2),
(8, 'Dhunat Upazila', '2023-07-18 02:29:37.183232', NULL, NULL, 2),
(9, 'Dhupchanchia Upazila', '2023-07-18 02:29:37.183232', NULL, NULL, 2),
(10, 'Gabtali Upazila', '2023-07-18 02:29:37.183232', NULL, NULL, 2),
(11, 'Kahaloo Upazila', '2023-07-18 02:29:37.183232', NULL, NULL, 2),
(12, 'Nandigram Upazila', '2023-07-18 02:29:37.183232', NULL, NULL, 2),
(13, 'Sariakandi Upazila', '2023-07-18 02:29:37.183232', NULL, NULL, 2),
(14, 'Shajahanpur Upazila', '2023-07-18 02:29:37.183232', NULL, NULL, 2),
(15, 'Sherpur Upazila', '2023-07-18 02:29:37.183232', NULL, NULL, 2),
(16, 'ShibganjUpazila', '2023-07-18 02:29:37.183232', NULL, NULL, 2),
(17, 'Sonatola Upazila', '2023-07-18 02:29:37.183232', NULL, NULL, 2),
(18, 'Atrai Upazila', '2023-07-18 02:29:37.183232', NULL, NULL, 3),
(19, 'Badalgachhi Upazila', '2023-07-18 02:29:37.183232', NULL, NULL, 3),
(20, 'Manda Upazila', '2023-07-18 02:29:37.183232', NULL, NULL, 3),
(21, 'Dhamoirhat Upazila', '2023-07-18 02:29:37.183232', NULL, NULL, 3),
(22, 'Mohadevpur Upazila', '2023-07-18 02:29:37.183232', NULL, NULL, 3),
(23, 'Naogaon Sadar Upazila', '2023-07-18 02:29:37.183232', NULL, NULL, 3),
(24, 'Niamatpur Upazila', '2023-07-18 02:29:37.183232', NULL, NULL, 3),
(25, 'Patnitala Upazila', '2023-07-18 02:29:37.183232', NULL, NULL, 3),
(26, 'Porsha Upazila', '2023-07-18 02:29:37.183232', NULL, NULL, 3),
(27, 'Raninagar Upazila', '2023-07-18 02:29:37.183232', NULL, NULL, 3),
(28, 'Sapahar Upazila', '2023-07-18 02:29:37.183232', NULL, NULL, 3),
(29, 'Bagatipara Upazila', '2023-07-18 02:29:37.183232', NULL, NULL, 4),
(30, 'Baraigram Upazila', '2023-07-18 02:29:37.183232', NULL, NULL, 4),
(31, 'Gurudaspur Upazila', '2023-07-18 02:29:37.183232', NULL, NULL, 4),
(32, 'Lalpur Upazila', '2023-07-18 02:29:37.183232', NULL, NULL, 4),
(33, 'Natore Sadar Upazila', '2023-07-18 02:29:37.183232', NULL, NULL, 4),
(34, 'Singra Upazila', '2023-07-18 02:29:37.183232', NULL, NULL, 4),
(35, 'Naldanga Upazila', '2023-07-18 02:29:37.183232', NULL, NULL, 4),
(36, 'Bholahat Upazila', '2023-07-18 02:29:37.183232', NULL, NULL, 5),
(37, 'GomastapurUpazila', '2023-07-18 02:29:37.183232', NULL, NULL, 5),
(38, 'Nachole Upazila', '2023-07-18 02:29:37.183232', NULL, NULL, 5),
(39, 'NawabganjSadar Upazila', '2023-07-18 02:29:37.183232', NULL, NULL, 5),
(40, 'ShibganjUpazila', '2023-07-18 02:29:37.183232', NULL, NULL, 5),
(41, 'Atgharia Upazila', '2023-07-18 02:29:37.183232', NULL, NULL, 6),
(42, 'Bera Upazila', '2023-07-18 02:29:37.183232', NULL, NULL, 6),
(43, 'Bhangura Upazila', '2023-07-18 02:29:37.183232', NULL, NULL, 6),
(44, 'Chatmohar Upazila', '2023-07-18 02:29:37.183232', NULL, NULL, 6),
(45, 'Faridpur Upazila', '2023-07-18 02:29:37.183232', NULL, NULL, 6),
(46, 'Ishwardi Upazila', '2023-07-18 02:29:37.183232', NULL, NULL, 6),
(47, 'Pabna Sadar Upazila', '2023-07-18 02:29:37.183232', NULL, NULL, 6),
(48, 'Santhia Upazila', '2023-07-18 02:29:37.183232', NULL, NULL, 6),
(49, 'Sujanagar Upazila', '2023-07-18 02:29:37.183232', NULL, NULL, 6),
(50, 'Belkuchi Upazila', '2023-07-18 02:29:37.183232', NULL, NULL, 7),
(51, 'Chauhali Upazila', '2023-07-18 02:29:37.183232', NULL, NULL, 7),
(52, 'Kamarkhanda Upazila', '2023-07-18 02:29:37.183232', NULL, NULL, 7),
(53, 'Kazipur Upazila', '2023-07-18 02:29:37.183232', NULL, NULL, 7),
(54, 'Raiganj Upazila', '2023-07-18 02:29:37.183232', NULL, NULL, 7),
(55, 'Shahjadpur Upazila', '2023-07-18 02:29:37.183232', NULL, NULL, 7),
(56, 'Sirajganj Sadar Upazila', '2023-07-18 02:29:37.183232', NULL, NULL, 7),
(57, 'Tarash Upazila', '2023-07-18 02:29:37.183232', NULL, NULL, 7),
(58, 'Ullahpara Upazila', '2023-07-18 02:29:37.183232', NULL, NULL, 7),
(59, 'Bagha Upazila', '2023-07-18 02:29:37.183232', NULL, NULL, 8),
(60, 'Bagmara Upazila', '2023-07-18 02:29:37.183232', NULL, NULL, 8),
(61, 'Charghat Upazila', '2023-07-18 02:29:37.183232', NULL, NULL, 8),
(62, 'Durgapur Upazila', '2023-07-18 02:29:37.183232', NULL, NULL, 8),
(63, 'Godagari Upazila', '2023-07-18 02:29:37.183232', NULL, NULL, 8),
(64, 'Mohanpur Upazila', '2023-07-18 02:29:37.183232', NULL, NULL, 8),
(65, 'Paba Upazila', '2023-07-18 02:29:37.183232', NULL, NULL, 8),
(66, 'Puthia Upazila', '2023-07-18 02:29:37.183232', NULL, NULL, 8),
(67, 'Tanore Upazila', '2023-07-18 02:29:37.183232', NULL, NULL, 8),
(68, 'Birampur Upazila', '2023-07-18 02:29:37.183232', NULL, NULL, 9),
(69, 'Birganj Upazila', '2023-07-18 02:29:37.183232', NULL, NULL, 9),
(70, 'Biral Upazila', '2023-07-18 02:29:37.183232', NULL, NULL, 9),
(71, 'Bochaganj Upazila', '2023-07-18 02:29:37.183232', NULL, NULL, 9),
(72, 'Chirirbandar Upazila', '2023-07-18 02:29:37.183232', NULL, NULL, 9),
(73, 'PhulbariUpazila', '2023-07-18 02:29:37.183232', NULL, NULL, 9),
(74, 'Ghoraghat Upazila', '2023-07-18 02:29:37.183232', NULL, NULL, 9),
(75, 'Hakimpur Upazila', '2023-07-18 02:29:37.183232', NULL, NULL, 9),
(76, 'Kaharole Upazila', '2023-07-18 02:29:37.183232', NULL, NULL, 9),
(77, 'Khansama Upazila', '2023-07-18 02:29:37.183232', NULL, NULL, 9),
(78, 'Dinajpur Sadar Upazila', '2023-07-18 02:29:37.183232', NULL, NULL, 9),
(79, 'Nawabganj Upazila', '2023-07-18 02:29:37.183232', NULL, NULL, 9),
(80, 'Parbatipur Upazila', '2023-07-18 02:29:37.183232', NULL, NULL, 9),
(81, 'Phulchhari Upazila', '2023-07-18 02:29:37.183232', NULL, NULL, 10),
(82, 'Gaibandha Sadar Upazila', '2023-07-18 02:29:37.183232', NULL, NULL, 10),
(83, 'Gobindaganj Upazila', '2023-07-18 02:29:37.183232', NULL, NULL, 10),
(84, 'Palashbari Upazila', '2023-07-18 02:29:37.183232', NULL, NULL, 10),
(85, 'Sadullapur Upazila', '2023-07-18 02:29:37.183232', NULL, NULL, 10),
(86, 'Sughatta Upazila', '2023-07-18 02:29:37.183232', NULL, NULL, 10),
(87, 'Sundarganj Upazila', '2023-07-18 02:29:37.183232', NULL, NULL, 10),
(88, 'Bhurungamari Upazila', '2023-07-18 02:29:37.183232', NULL, NULL, 11),
(89, 'Char Rajibpur Upazila', '2023-07-18 02:29:37.183232', NULL, NULL, 11),
(90, 'Chilmari Upazila', '2023-07-18 02:29:37.183232', NULL, NULL, 11),
(91, 'Phulbari Upazila', '2023-07-18 02:29:37.183232', NULL, NULL, 11),
(92, 'Kurigram Sadar Upazila', '2023-07-18 02:29:37.183232', NULL, NULL, 11),
(93, 'Nageshwari Upazila', '2023-07-18 02:29:37.183232', NULL, NULL, 11),
(94, 'Rajarhat Upazila', '2023-07-18 02:29:37.183232', NULL, NULL, 11),
(95, 'Raomari Upazila', '2023-07-18 02:29:37.183232', NULL, NULL, 11),
(96, 'Ulipur Upazila', '2023-07-18 02:29:37.183232', NULL, NULL, 11),
(97, 'Aditmari Upazila', '2023-07-18 02:29:37.183232', NULL, NULL, 12),
(98, 'Hatibandha Upazila', '2023-07-18 02:29:37.183232', NULL, NULL, 12),
(99, 'KaliganjUpazila', '2023-07-18 02:29:37.183232', NULL, NULL, 12),
(100, 'Lalmonirhat SadarUpazila', '2023-07-18 02:29:37.183232', NULL, NULL, 12),
(101, 'Patgram Upazila', '2023-07-18 02:29:37.183232', NULL, NULL, 12),
(102, 'Dimla Upazila', '2023-07-18 02:29:37.183232', NULL, NULL, 13),
(103, 'Domar Upazila', '2023-07-18 02:29:37.183232', NULL, NULL, 13),
(104, 'Jaldhaka Upazila', '2023-07-18 02:29:37.183232', NULL, NULL, 13),
(105, 'Kishoreganj Upazila', '2023-07-18 02:29:37.183232', NULL, NULL, 13),
(106, 'Nilphamari Sadar Upazila', '2023-07-18 02:29:37.183232', NULL, NULL, 13),
(107, 'Saidpur Upazila', '2023-07-18 02:29:37.183232', NULL, NULL, 13),
(108, 'Atwari Upazila', '2023-07-18 02:29:37.183232', NULL, NULL, 14),
(109, 'Boda Upazila', '2023-07-18 02:29:37.183232', NULL, NULL, 14),
(110, 'Debiganj Upazila', '2023-07-18 02:29:37.183232', NULL, NULL, 14),
(111, 'Panchagarh Sadar Upazila', '2023-07-18 02:29:37.183232', NULL, NULL, 14),
(112, 'Tetulia Upazila', '2023-07-18 02:29:37.183232', NULL, NULL, 14),
(113, 'Badarganj Upazila', '2023-07-18 02:29:37.183232', NULL, NULL, 15),
(114, 'GangachharaUpazila', '2023-07-18 02:29:37.183232', NULL, NULL, 15),
(115, 'Kaunia Upazila', '2023-07-18 02:29:37.183232', NULL, NULL, 15),
(116, 'Rangpur Sadar Upazila', '2023-07-18 02:29:37.183232', NULL, NULL, 15),
(117, 'Mithapukur Upazila', '2023-07-18 02:29:37.183232', NULL, NULL, 15),
(118, 'Pirgachha Upazila', '2023-07-18 02:29:37.183232', NULL, NULL, 15),
(119, 'Pirganj Upazila', '2023-07-18 02:29:37.183232', NULL, NULL, 15),
(120, 'Taraganj Upazila', '2023-07-18 02:29:37.183232', NULL, NULL, 15),
(121, 'Baliadangi Upazila', '2023-07-18 02:29:37.183232', NULL, NULL, 16),
(122, 'Haripur Upazila', '2023-07-18 02:29:37.183232', NULL, NULL, 16),
(123, 'Pirganj Upazila', '2023-07-18 02:29:37.183232', NULL, NULL, 16),
(124, 'Ranisankail Upazila', '2023-07-18 02:29:37.183232', NULL, NULL, 16),
(125, 'Thakurgaon Sadar Upazila', '2023-07-18 02:29:37.183232', NULL, NULL, 16),
(126, 'Atpara Upazila', '2023-07-18 02:29:37.183232', NULL, NULL, 17),
(127, 'Barhatta Upazila', '2023-07-18 02:29:37.183232', NULL, NULL, 17),
(128, 'Durgapur Upazila', '2023-07-18 02:29:37.183232', NULL, NULL, 17),
(129, 'Khaliajuri Upazila', '2023-07-18 02:29:37.183232', NULL, NULL, 17),
(130, 'Kalmakanda Upazila', '2023-07-18 02:29:37.183232', NULL, NULL, 17),
(131, 'Kendua Upazila', '2023-07-18 02:29:37.183232', NULL, NULL, 17),
(132, 'Madan Upazila', '2023-07-18 02:29:37.183232', NULL, NULL, 17),
(133, 'Mohanganj Upazila', '2023-07-18 02:29:37.183232', NULL, NULL, 17),
(134, 'Netrokona Sadar Upazila', '2023-07-18 02:29:37.183232', NULL, NULL, 17),
(135, 'Purbadhala Upazila', '2023-07-18 02:29:37.183232', NULL, NULL, 17),
(136, 'Jhenaigati Upazila', '2023-07-18 02:29:37.183232', NULL, NULL, 18),
(137, 'Nakla Upazila', '2023-07-18 02:29:37.183232', NULL, NULL, 18),
(138, 'Nalitabari Upazila', '2023-07-18 02:29:37.183232', NULL, NULL, 18),
(139, 'Sherpur Sadar Upazila', '2023-07-18 02:29:37.183232', NULL, NULL, 18),
(140, 'Sreebardi Upazila', '2023-07-18 02:29:37.183232', NULL, NULL, 18),
(141, 'Baksiganj Upazila', '2023-07-18 02:29:37.183232', NULL, NULL, 19),
(142, 'Dewanganj Upazila', '2023-07-18 02:29:37.183232', NULL, NULL, 19),
(143, 'Islampur Upazila', '2023-07-18 02:29:37.183232', NULL, NULL, 19),
(144, 'Jamalpur Sadar Upazila', '2023-07-18 02:29:37.183232', NULL, NULL, 19),
(145, 'Madarganj Upazila', '2023-07-18 02:29:37.183232', NULL, NULL, 19),
(146, 'Melandaha Upazila', '2023-07-18 02:29:37.183232', NULL, NULL, 19),
(147, 'Sarishabari Upazila', '2023-07-18 02:29:37.183232', NULL, NULL, 19),
(148, 'Trishal Upazila', '2023-07-18 02:29:37.183232', NULL, NULL, 20),
(149, 'Dhobaura Upazila', '2023-07-18 02:29:37.183232', NULL, NULL, 20),
(150, 'Fulbaria Upazila', '2023-07-18 02:29:37.183232', NULL, NULL, 20),
(151, 'Gafargaon Upazila', '2023-07-18 02:29:37.183232', NULL, NULL, 20),
(152, 'Gauripur Upazila', '2023-07-18 02:29:37.183232', NULL, NULL, 20),
(153, 'Haluaghat Upazila', '2023-07-18 02:29:37.183232', NULL, NULL, 20),
(154, 'Ishwarganj Upazila', '2023-07-18 02:29:37.183232', NULL, NULL, 20),
(155, 'Mymensingh Sadar Upazila', '2023-07-18 02:29:37.183232', NULL, NULL, 20),
(156, 'MuktagachhaUpazila', '2023-07-18 02:29:37.183232', NULL, NULL, 20),
(157, 'Nandail Upazila', '2023-07-18 02:29:37.183232', NULL, NULL, 20),
(158, 'Phulpur Upazila', '2023-07-18 02:29:37.183232', NULL, NULL, 20),
(159, 'Bhaluka Upazila', '2023-07-18 02:29:37.183232', NULL, NULL, 20),
(160, 'Tara KhandaUpazila', '2023-07-18 02:29:37.183232',NULL, NULL, 20),
(161, 'Amtali Upazila', '2023-07-18 02:29:37.183232',NULL, NULL, 21),
(162, 'Bamna Upazila', '2023-07-18 02:29:37.183232',NULL, NULL, 21),
(163, 'Barguna Sadar Upazila', '2023-07-18 02:29:37.183232',NULL, NULL, 21),
(164, 'Betagi Upazila', '2023-07-18 02:29:37.183232',NULL, NULL, 21),
(165, 'Patharghata Upazila', '2023-07-18 02:29:37.183232',NULL, NULL, 21),
(166, 'Taltali Upazila', '2023-07-18 02:29:37.183232',NULL, NULL, 21),
(167, 'Agailjhara Upazila', '2023-07-18 02:29:37.183232',NULL, NULL, 22),
(168, 'Babuganj Upazila', '2023-07-18 02:29:37.183232',NULL, NULL, 22),
(169, 'Bakerganj Upazila', '2023-07-18 02:29:37.183232',NULL, NULL, 22),
(170, 'Banaripara Upazila', '2023-07-18 02:29:37.183232',NULL, NULL, 22),
(171, 'Gaurnadi Upazila', '2023-07-18 02:29:37.183232',NULL, NULL, 22),
(172, 'Hizla Upazila', '2023-07-18 02:29:37.183232',NULL, NULL, 22),
(173, 'BarishalSadar Upazila', '2023-07-18 02:29:37.183232',NULL, NULL, 22),
(174, 'Mehendiganj Upazila', '2023-07-18 02:29:37.183232',NULL, NULL, 22),
(175, 'Muladi Upazila', '2023-07-18 02:29:37.183232',NULL, NULL, 22),
(176, 'Wazirpur Upazila', '2023-07-18 02:29:37.183232',NULL, NULL, 22),
(177, 'Bhola Sadar Upazila', '2023-07-18 02:29:37.183232',NULL, NULL, 23),
(178, 'BurhanuddinUpazila', '2023-07-18 02:29:37.183232',NULL, NULL, 23),
(179, 'Char Fasson Upazila', '2023-07-18 02:29:37.183232',NULL, NULL, 23),
(180, 'Daulatkhan Upazila', '2023-07-18 02:29:37.183232',NULL, NULL, 23),
(181, 'Lalmohan Upazila', '2023-07-18 02:29:37.183232',NULL, NULL, 23),
(182, 'Manpura Upazila', '2023-07-18 02:29:37.183232',NULL, NULL, 23),
(183, 'Tazumuddin Upazila', '2023-07-18 02:29:37.183232',NULL, NULL, 23),
(184, 'Jhalokati Sadar Upazila', '2023-07-18 02:29:37.183232',NULL, NULL, 24),
(185, 'Kathalia Upazila', '2023-07-18 02:29:37.183232',NULL, NULL, 24),
(186, 'Nalchity Upazila', '2023-07-18 02:29:37.183232',NULL, NULL, 24),
(187, 'Rajapur Upazila', '2023-07-18 02:29:37.183232',NULL, NULL, 24),
(188, 'Bauphal Upazila', '2023-07-18 02:29:37.183232', NULL, NULL, 25),
(189, 'Dashmina Upazila', '2023-07-18 02:29:37.183232', NULL, NULL, 25),
(190, 'Galachipa Upazila', '2023-07-18 02:29:37.183232', NULL, NULL, 25),
(191, 'Kalapara Upazila', '2023-07-18 02:29:37.183232', NULL, NULL, 25),
(192, 'Mirzaganj Upazila', '2023-07-18 02:29:37.183232', NULL, NULL, 25),
(193, 'Patuakhali Sadar Upazila', '2023-07-18 02:29:37.183232', NULL, NULL, 25),
(194, 'Rangabali Upazila', '2023-07-18 02:29:37.183232', NULL, NULL, 25),
(195, 'Dumki Upazila', '2023-07-18 02:29:37.183232', NULL, NULL, 25),
(196, 'Bhandaria Upazila', '2023-07-18 02:29:37.183232', NULL, NULL, 26),
(197, 'Kawkhali Upazila', '2023-07-18 02:29:37.183232', NULL, NULL, 26),
(198, 'Mathbaria Upazila', '2023-07-18 02:29:37.183232', NULL, NULL, 26),
(199, 'Nazirpur Upazila', '2023-07-18 02:29:37.183232', NULL, NULL, 26),
(200, 'Pirojpur Sadar Upazila', '2023-07-18 02:29:37.183232', NULL, NULL, 26),
(201, 'Nesarabad(Swarupkati) Upazila', '2023-07-18 02:29:37.183232', NULL, NULL, 26),
(202, 'Indurkani Upazila', '2023-07-18 02:29:37.183232', NULL, NULL, 26),
(203, 'Ali Kadam Upazila', '2023-07-18 02:29:37.183232', NULL, NULL, 27),
(204, 'Bandarban Sadar Upazila', '2023-07-18 02:29:37.183232', NULL, NULL, 27),
(205, 'Lama Upazila', '2023-07-18 02:29:37.183232', NULL, NULL, 27),
(206, 'Naikhongchhari Upazila', '2023-07-18 02:29:37.183232', NULL, NULL, 27),
(207, 'Rowangchhari Upazila', '2023-07-18 02:29:37.183232', NULL, NULL, 27),
(208, 'Ruma Upazila', '2023-07-18 02:29:37.183232', NULL, NULL, 27),
(209, 'Thanchi Upazila', '2023-07-18 02:29:37.183232', NULL, NULL, 27),
(210, 'Akhaura Upazila', '2023-07-18 02:29:37.183232', NULL, NULL, 28),
(211, 'Bancharampur Upazila', '2023-07-18 02:29:37.183232',NULL, NULL, 28),
(212, 'Brahmanbaria SadarUpazila', '2023-07-18 02:29:37.183232',NULL, NULL, 28),
(213, 'Kasba Upazila', '2023-07-18 02:29:37.183232',NULL, NULL, 28),
(214, 'Nabinagar Upazila', '2023-07-18 02:29:37.183232',NULL, NULL, 28),
(215, 'Nasirnagar Upazila', '2023-07-18 02:29:37.183232',NULL, NULL, 28),
(216, 'Sarail Upazila', '2023-07-18 02:29:37.183232',NULL, NULL, 28),
(217, 'Ashuganj Upazila', '2023-07-18 02:29:37.183232',NULL, NULL, 28),
(218, 'Bijoynagar Upazila', '2023-07-18 02:29:37.183232',NULL, NULL, 28),
(219, 'Chandpur Sadar Upazila', '2023-07-18 02:29:37.183232',NULL, NULL, 29),
(220, 'Faridganj Upazila', '2023-07-18 02:29:37.183232',NULL, NULL, 29),
(221, 'Haimchar Upazila', '2023-07-18 02:29:37.183232',NULL, NULL, 29),
(222, 'Haziganj Upazila', '2023-07-18 02:29:37.183232',NULL, NULL, 29),
(223, 'Kachua Upazila', '2023-07-18 02:29:37.183232',NULL, NULL, 29),
(224, 'Matlab Dakshin Upazila', '2023-07-18 02:29:37.183232',NULL, NULL, 29),
(225, 'Matlab Uttar Upazila', '2023-07-18 02:29:37.183232',NULL, NULL, 29),
(226, 'Shahrasti Upazila', '2023-07-18 02:29:37.183232',NULL, NULL, 29),
(227, 'Anwara Upazila', '2023-07-18 02:29:37.183232',NULL, NULL, 30),
(228, 'Banshkhali Upazila', '2023-07-18 02:29:37.183232',NULL, NULL, 30),
(229, 'Boalkhali Upazila', '2023-07-18 02:29:37.183232',NULL, NULL, 30),
(230, 'Chandanaish Upazila', '2023-07-18 02:29:37.183232',NULL, NULL, 30),
(231, 'Fatikchhari Upazila', '2023-07-18 02:29:37.183232',NULL, NULL, 30),
(232, 'Hathazari Upazila', '2023-07-18 02:29:37.183232',NULL, NULL, 30),
(233, 'Karnaphuli Upazila', '2023-07-18 02:29:37.183232',NULL, NULL, 30),
(234, 'LohagaraUpazila', '2023-07-18 02:29:37.183232',NULL, NULL, 30),
(235, 'Mirsharai Upazila', '2023-07-18 02:29:37.183232',NULL, NULL, 30),
(236, 'Patiya Upazila', '2023-07-18 02:29:37.183232',NULL, NULL, 30),
(237, 'Rangunia Upazila', '2023-07-18 02:29:37.183232',NULL, NULL, 30),
(238, 'Raozan Upazila', '2023-07-18 02:29:37.183232',NULL, NULL, 30),
(239, 'Sandwip Upazila', '2023-07-18 02:29:37.183232',NULL, NULL, 30),
(240, 'Satkania Upazila', '2023-07-18 02:29:37.183232',NULL, NULL, 30),
(241, 'Sitakunda Upazila', '2023-07-18 02:29:37.183232', NULL, NULL, 30),
(242, 'Barura Upazila', '2023-07-18 02:29:37.183232', NULL, NULL, 31),
(243, 'Brahmanpara Upazila', '2023-07-18 02:29:37.183232', NULL, NULL, 31),
(244, 'Burichang Upazila', '2023-07-18 02:29:37.183232', NULL, NULL, 31),
(245, 'Chandina Upazila', '2023-07-18 02:29:37.183232', NULL, NULL, 31),
(246, 'Chauddagram Upazila', '2023-07-18 02:29:37.183232', NULL, NULL, 31),
(247, 'Daudkandi Upazila', '2023-07-18 02:29:37.183232', NULL, NULL, 31),
(248, 'Debidwar Upazila', '2023-07-18 02:29:37.183232', NULL, NULL, 31),
(249, 'Homna Upazila', '2023-07-18 02:29:37.183232', NULL, NULL, 31),
(250, 'Laksam Upazila', '2023-07-18 02:29:37.183232', NULL, NULL, 31),
(251, 'Lalmai Upazila', '2023-07-18 02:29:37.183232', NULL, NULL, 31),
(252, 'Muradnagar Upazila', '2023-07-18 02:29:37.183232', NULL, NULL, 31),
(253, 'Nangalkot Upazila', '2023-07-18 02:29:37.183232', NULL, NULL, 31),
(254, 'Cumilla Adarsha Sadar Upazila', '2023-07-18 02:29:37.183232', NULL, NULL, 31),
(255, 'Meghna Upazila', '2023-07-18 02:29:37.183232', NULL, NULL, 31),
(256, 'Titas Upazila', '2023-07-18 02:29:37.183232', NULL, NULL, 31),
(257, 'MonohargonjUpazila', '2023-07-18 02:29:37.183232', NULL, NULL, 31),
(258, 'Cumilla Sadar Dakshin Upazila', '2023-07-18 02:29:37.183232', NULL, NULL, 31),
(259, 'Chakaria Upazila', '2023-07-18 02:29:37.183232', NULL, NULL, 32),
(260, 'Cox\'s Bazar SadarUpazila', '2023-07-18 02:29:37.183232', NULL, NULL, 32),
(261, 'Kutubdia Upazila', '2023-07-18 02:29:37.183232', NULL, NULL, 32),
(262, 'Maheshkhali Upazila', '2023-07-18 02:29:37.183232', NULL, NULL, 32),
(263, 'Ramu Upazila', '2023-07-18 02:29:37.183232', NULL, NULL, 32),
(264, 'Teknaf Upazila', '2023-07-18 02:29:37.183232', NULL, NULL, 32),
(265, 'Ukhia Upazila', '2023-07-18 02:29:37.183232', NULL, NULL, 32),
(266, 'Pekua Upazila', '2023-07-18 02:29:37.183232', NULL, NULL, 32),
(267, 'Chhagalnaiya Upazila', '2023-07-18 02:29:37.183232', NULL, NULL, 33),
(268, 'Daganbhuiyan Upazila', '2023-07-18 02:29:37.183232', NULL, NULL, 33),
(269, 'Feni Sadar Upazila', '2023-07-18 02:29:37.183232', NULL, NULL, 33),
(270, 'Parshuram Upazila', '2023-07-18 02:29:37.183232', NULL, NULL, 33),
(271, 'Sonagazi Upazila', '2023-07-18 02:29:37.183232', NULL, NULL, 33),
(272, 'Fulgazi Upazila', '2023-07-18 02:29:37.183232', NULL, NULL, 33),
(273, 'Dighinala Upazila', '2023-07-18 02:29:37.183232', NULL, NULL, 34),
(274, 'KhagrachhariUpazila', '2023-07-18 02:29:37.183232', NULL, NULL, 34),
(275, 'Lakshmichhari Upazila', '2023-07-18 02:29:37.183232', NULL, NULL, 34),
(276, 'Mahalchhari Upazila', '2023-07-18 02:29:37.183232', NULL, NULL, 34),
(277, 'Manikchhari Upazila', '2023-07-18 02:29:37.183232', NULL, NULL, 34),
(278, 'Matiranga Upazila', '2023-07-18 02:29:37.183232', NULL, NULL, 34),
(279, 'Panchhari Upazila', '2023-07-18 02:29:37.183232', NULL, NULL, 34),
(280, 'Ramgarh Upazila', '2023-07-18 02:29:37.183232', NULL, NULL, 34),
(281, 'Lakshmipur Sadar Upazila', '2023-07-18 02:29:37.183232', NULL, NULL, 35),
(282, 'Raipur Upazila', '2023-07-18 02:29:37.183232', NULL, NULL, 35),
(283, 'Ramganj Upazila', '2023-07-18 02:29:37.183232', NULL, NULL, 35),
(284, 'Ramgati Upazila', '2023-07-18 02:29:37.183232', NULL, NULL, 35),
(285, 'Kamalnagar Upazila', '2023-07-18 02:29:37.183232', NULL, NULL, 35),
(286, 'Begumganj Upazila', '2023-07-18 02:29:37.183232', NULL, NULL, 36),
(287, 'Noakhali Sadar Upazila', '2023-07-18 02:29:37.183232', NULL, NULL, 36),
(288, 'Chatkhil Upazila', '2023-07-18 02:29:37.183232', NULL, NULL, 36),
(289, 'CompaniganjUpazila', '2023-07-18 02:29:37.183232', NULL, NULL, 36),
(290, 'Hatiya Upazila', '2023-07-18 02:29:37.183232', NULL, NULL, 36),
(291, 'Senbagh Upazila', '2023-07-18 02:29:37.183232', NULL, NULL, 36),
(292, 'Sonaimuri Upazila', '2023-07-18 02:29:37.183232', NULL, NULL, 36),
(293, 'SubarnacharUpazila', '2023-07-18 02:29:37.183232', NULL, NULL, 36),
(294, 'Kabirhat Upazila', '2023-07-18 02:29:37.183232', NULL, NULL, 36),
(295, 'Bagaichhari Upazila', '2023-07-18 02:29:37.183232', NULL, NULL, 37),
(296, 'Barkal Upazila', '2023-07-18 02:29:37.183232', NULL, NULL, 37),
(297, 'Kawkhali(Betbunia) Upazila', '2023-07-18 02:29:37.183232', NULL, NULL, 37),
(298, 'Belaichhari Upazila', '2023-07-18 02:29:37.183232', NULL, NULL, 37),
(299, 'Kaptai Upazila', '2023-07-18 02:29:37.183232', NULL, NULL, 37),
(300, 'Juraichhari Upazila', '2023-07-18 02:29:37.183232', NULL, NULL, 37),
(301, 'Langadu Upazila', '2023-07-18 02:29:37.183232', NULL, NULL, 37),
(302, 'NaniyacharUpazila', '2023-07-18 02:29:37.183232', NULL, NULL, 37),
(303, 'Rajasthali Upazila', '2023-07-18 02:29:37.183232', NULL, NULL, 37),
(304, 'Rangamati Sadar Upazila', '2023-07-18 02:29:37.183232', NULL, NULL, 37),
(305, 'Metropolitan Thana', '2023-07-18 02:29:37.183232', NULL, NULL, 38),
(306, 'Adabor Thana', '2023-07-18 02:29:37.183232', NULL, NULL, 38),
(307, 'Uttar Khan Thana', '2023-07-18 02:29:37.183232', NULL, NULL, 38),
(308, 'Uttara Thana', '2023-07-18 02:29:37.183232', NULL, NULL, 38),
(309, 'Kadamtali Thana', '2023-07-18 02:29:37.183232', NULL, NULL, 38),
(310, 'Kalabagan Thana', '2023-07-18 02:29:37.183232', NULL, NULL, 38),
(311, 'Kafrul Thana', '2023-07-18 02:29:37.183232', NULL, NULL, 38),
(312, 'Kamrangirchar Thana', '2023-07-18 02:29:37.183232', NULL, NULL, 38),
(313, 'Cantonment Thana', '2023-07-18 02:29:37.183232', NULL, NULL, 38),
(314, 'Kotwali Thana', '2023-07-18 02:29:37.183232', NULL, NULL, 38),
(315, 'Khilkhet Thana', '2023-07-18 02:29:37.183232', NULL, NULL, 38),
(316, 'Khilgaon Thana', '2023-07-18 02:29:37.183232', NULL, NULL, 38),
(317, 'Gulshan Thana', '2023-07-18 02:29:37.183232', NULL, NULL, 38),
(318, 'Gendaria Thana', '2023-07-18 02:29:37.183232', NULL, NULL, 38),
(319, 'Chawkbazar Model Thana', '2023-07-18 02:29:37.183232', NULL, NULL, 38),
(320, 'Demra Thana', '2023-07-18 02:29:37.183232', NULL, NULL, 38),
(321, 'Turag Thana', '2023-07-18 02:29:37.183232', NULL, NULL, 38),
(322, 'Tejgaon Thana', '2023-07-18 02:29:37.183232', NULL, NULL, 38),
(323, 'Tejgaon I/A Thana', '2023-07-18 02:29:37.183232', NULL, NULL, 38),
(324, 'Dakshinkhan Thana', '2023-07-18 02:29:37.183232', NULL, NULL, 38),
(325, 'Darus Salam Thana', '2023-07-18 02:29:37.183232', NULL, NULL, 38),
(326, 'Dhanmondi  Thana', '2023-07-18 02:29:37.183232', NULL, NULL, 38),
(327, 'New Market Thana', '2023-07-18 02:29:37.183232', NULL, NULL, 38),
(328, 'Paltan Thana', '2023-07-18 02:29:37.183232', NULL, NULL, 38),
(329, 'Pallabi Thana', '2023-07-18 02:29:37.183232', NULL, NULL, 38),
(330, 'Bangshal Thana', '2023-07-18 02:29:37.183232', NULL, NULL, 38),
(331, 'Badda Thana', '2023-07-18 02:29:37.183232', NULL, NULL, 38),
(332, 'Bimanbandar Thana', '2023-07-18 02:29:37.183232', NULL, NULL, 38),
(333, 'Motijheel Thana', '2023-07-18 02:29:37.183232', NULL, NULL, 38),
(334, 'Mirpur Model Thana', '2023-07-18 02:29:37.183232', NULL, NULL, 38),
(335, 'Mohammadpur Thana', '2023-07-18 02:29:37.183232', NULL, NULL, 38),
(336, 'Jatrabari Thana', '2023-07-18 02:29:37.183232', NULL, NULL, 38),
(337, 'Ramna Thana', '2023-07-18 02:29:37.183232', NULL, NULL, 38),
(338, 'Rampura Thana', '2023-07-18 02:29:37.183232', NULL, NULL, 38),
(339, 'Lalbagh Thana', '2023-07-18 02:29:37.183232', NULL, NULL, 38),
(340, 'Shah Ali Thana', '2023-07-18 02:29:37.183232', NULL, NULL, 38),
(341, 'Shahbagh Thana', '2023-07-18 02:29:37.183232', NULL, NULL, 38),
(342, 'Sher-e-Bangla Nagar Thana', '2023-07-18 02:29:37.183232', NULL, NULL, 38),
(343, 'Shyampur Thana', '2023-07-18 02:29:37.183232', NULL, NULL, 38),
(344, 'Sabujbagh Thana', '2023-07-18 02:29:37.183232', NULL, NULL, 38),
(345, 'Sutrapur Thana', '2023-07-18 02:29:37.183232', NULL, NULL, 38),
(346, 'Hazaribagh Thana', '2023-07-18 02:29:37.183232', NULL, NULL, 38),
(347, 'Dhamrai Upazila', '2023-07-18 02:29:37.183232', NULL, NULL, 38),
(348, 'Dohar Upazila', '2023-07-18 02:29:37.183232', NULL, NULL, 38),
(349, 'Keraniganj Upazila', '2023-07-18 02:29:37.183232', NULL, NULL, 38),
(350, 'Nawabganj Upazila', '2023-07-18 02:29:37.183232', NULL, NULL, 38),
(351, 'Savar Upazila', '2023-07-18 02:29:37.183232', NULL, NULL, 38),
(352, 'Tejgaon Circle Upazila', '2023-07-18 02:29:37.183232', NULL, NULL, 38),
(353, 'Gazipur Sadar Upazila', '2023-07-18 02:29:37.183232', NULL, NULL, 39),
(354, 'Kaliakair Upazila', '2023-07-18 02:29:37.183232', NULL, NULL, 39),
(355, 'Kaliganj Upazila', '2023-07-18 02:29:37.183232', NULL, NULL, 39),
(356, 'Kapasia Upazila', '2023-07-18 02:29:37.183232', NULL, NULL, 39),
(357, 'Sreepur Upazila', '2023-07-18 02:29:37.183232', NULL, NULL, 39),
(358, 'Gopalganj Sadar Upazila', '2023-07-18 02:29:37.183232', NULL, NULL, 40),
(359, 'Kashiani Upazila', '2023-07-18 02:29:37.183232', NULL, NULL, 40),
(360, 'Kotalipara Upazila', '2023-07-18 02:29:37.183232', NULL, NULL, 40),
(361, 'Muksudpur Upazila', '2023-07-18 02:29:37.183232', NULL, NULL, 40),
(362, 'Tungipara Upazila', '2023-07-18 02:29:37.183232', NULL, NULL, 40),
(363, 'Austagram Upazila', '2023-07-18 02:29:37.183232', NULL, NULL, 41),
(364, 'Bajitpur Upazila', '2023-07-18 02:29:37.183232', NULL, NULL, 41),
(365, 'Bhairab Upazila', '2023-07-18 02:29:37.183232', NULL, NULL, 41),
(366, 'Hossainpur Upazila', '2023-07-18 02:29:37.183232', NULL, NULL, 41),
(367, 'Itna Upazila', '2023-07-18 02:29:37.183232', NULL, NULL, 41),
(368, 'Karimganj Upazila', '2023-07-18 02:29:37.183232', NULL, NULL, 41),
(369, 'Katiadi Upazila', '2023-07-18 02:29:37.183232', NULL, NULL, 41),
(370, 'Kishoreganj SadarUpazila', '2023-07-18 02:29:37.183232', NULL, NULL, 41),
(371, 'Kuliarchar Upazila', '2023-07-18 02:29:37.183232', NULL, NULL, 41),
(372, 'Mithamain Upazila', '2023-07-18 02:29:37.183232', NULL, NULL, 41),
(373, 'Nikli Upazila', '2023-07-18 02:29:37.183232', NULL, NULL, 41),
(374, 'Pakundia Upazila', '2023-07-18 02:29:37.183232', NULL, NULL, 41),
(375, 'Tarail Upazila', '2023-07-18 02:29:37.183232', NULL, NULL, 41),
(376, 'Rajoir Upazila', '2023-07-18 02:29:37.183232', NULL, NULL, 42),
(377, 'MadaripurSadar Upazila', '2023-07-18 02:29:37.183232', NULL, NULL, 42),
(378, 'Kalkini Upazila', '2023-07-18 02:29:37.183232', NULL, NULL, 42),
(379, 'Shibchar Upazila', '2023-07-18 02:29:37.183232', NULL, NULL, 42),
(380, 'DaulatpurUpazila', '2023-07-18 02:29:37.183232', NULL, NULL, 43),
(381, 'Ghior Upazila', '2023-07-18 02:29:37.183232', NULL, NULL, 43),
(382, 'Harirampur Upazila', '2023-07-18 02:29:37.183232', NULL, NULL, 43),
(383, 'ManikgonjSadar Upazila', '2023-07-18 02:29:37.183232', NULL, NULL, 43),
(384, 'Saturia Upazila', '2023-07-18 02:29:37.183232', NULL, NULL, 43),
(385, 'Shivalaya Upazila', '2023-07-18 02:29:37.183232', NULL, NULL, 43),
(386, 'Singair Upazila', '2023-07-18 02:29:37.183232', NULL, NULL, 43),
(387, 'Gazaria Upazila', '2023-07-18 02:29:37.183232', NULL, NULL, 44),
(388, 'Lohajang Upazila', '2023-07-18 02:29:37.183232', NULL, NULL, 44),
(389, 'Munshiganj Sadar Upazila', '2023-07-18 02:29:37.183232', NULL, NULL, 44),
(390, 'Sirajdikhan Upazila', '2023-07-18 02:29:37.183232', NULL, NULL, 44),
(391, 'Sreenagar Upazila', '2023-07-18 02:29:37.183232', NULL, NULL, 44),
(392, 'Tongibari Upazila', '2023-07-18 02:29:37.183232', NULL, NULL, 44),
(393, 'Araihazar Upazila', '2023-07-18 02:29:37.183232', NULL, NULL, 45),
(394, 'Bandar Upazila', '2023-07-18 02:29:37.183232', NULL, NULL, 45),
(395, 'Narayanganj SadarUpazila', '2023-07-18 02:29:37.183232', NULL, NULL, 45),
(396, 'Rupganj Upazila', '2023-07-18 02:29:37.183232', NULL, NULL, 45),
(397, 'Sonargaon Upazila', '2023-07-18 02:29:37.183232', NULL, NULL, 45),
(398, 'Baliakandi Upazila', '2023-07-18 02:29:37.183232', NULL, NULL, 46),
(399, 'GoalandaghatUpazila', '2023-07-18 02:29:37.183232', NULL, NULL, 46),
(400, 'Pangsha Upazila', '2023-07-18 02:29:37.183232', NULL, NULL, 46),
(401, 'Rajbari Sadar Upazila', '2023-07-18 02:29:37.183232', NULL, NULL, 46),
(402, 'Kalukhali Upazila', '2023-07-18 02:29:37.183232', NULL, NULL, 46),
(403, 'Bhedarganj Upazila', '2023-07-18 02:29:37.183232', NULL, NULL, 47),
(404, 'Damudya Upazila', '2023-07-18 02:29:37.183232', NULL, NULL, 47),
(405, 'Gosairhat Upazila', '2023-07-18 02:29:37.183232', NULL, NULL, 47),
(406, 'Naria Upazila', '2023-07-18 02:29:37.183232', NULL, NULL, 47),
(407, 'Shariatpur Sadar Upazila', '2023-07-18 02:29:37.183232', NULL, NULL, 47),
(408, 'Zajira Upazila', '2023-07-18 02:29:37.183232', NULL, NULL, 47),
(409, 'Shakhipur Upazila', '2023-07-18 02:29:37.183232', NULL, NULL, 47),
(410, 'Alfadanga Upazila', '2023-07-18 02:29:37.183232', NULL, NULL, 48),
(411, 'Bhanga Upazila', '2023-07-18 02:29:37.183232', NULL, NULL, 48),
(412, 'Boalmari Upazila', '2023-07-18 02:29:37.183232', NULL, NULL, 48),
(413, 'Charbhadrasan Upazila', '2023-07-18 02:29:37.183232', NULL, NULL, 48),
(414, 'Faridpur Sadar Upazila', '2023-07-18 02:29:37.183232', NULL, NULL, 48),
(415, 'Madhukhali Upazila', '2023-07-18 02:29:37.183232', NULL, NULL, 48),
(416, 'Nagarkanda Upazila', '2023-07-18 02:29:37.183232', NULL, NULL, 48),
(417, 'Sadarpur Upazila', '2023-07-18 02:29:37.183232', NULL, NULL, 48),
(418, 'Saltha Upazila', '2023-07-18 02:29:37.183232', NULL, NULL, 48),
(419, 'Gopalpur Upazila', '2023-07-18 02:29:37.183232', NULL, NULL, 49),
(420, 'Basail Upazila', '2023-07-18 02:29:37.183232', NULL, NULL, 49),
(421, 'Bhuapur Upazila', '2023-07-18 02:29:37.183232', NULL, NULL, 49),
(422, 'Delduar Upazila', '2023-07-18 02:29:37.183232', NULL, NULL, 49),
(423, 'Ghatail Upazila', '2023-07-18 02:29:37.183232', NULL, NULL, 49),
(424, 'Kalihati Upazila', '2023-07-18 02:29:37.183232', NULL, NULL, 49),
(425, 'Madhupur Upazila', '2023-07-18 02:29:37.183232', NULL, NULL, 49),
(426, 'Mirzapur Upazila', '2023-07-18 02:29:37.183232', NULL, NULL, 49),
(427, 'Nagarpur Upazila', '2023-07-18 02:29:37.183232', NULL, NULL, 49),
(428, 'Sakhipur Upazila', '2023-07-18 02:29:37.183232', NULL, NULL, 49),
(429, 'Dhanbari Upazila', '2023-07-18 02:29:37.183232', NULL, NULL, 49),
(430, 'Tangail Sadar Upazila', '2023-07-18 02:29:37.183232', NULL, NULL, 49),
(431, 'Narsingdi Sadar Upazila', '2023-07-18 02:29:37.183232', NULL, NULL, 50),
(432, 'Belabo Upazila', '2023-07-18 02:29:37.183232', NULL, NULL, 50),
(433, 'Monohardi Upazila', '2023-07-18 02:29:37.183232', NULL, NULL, 50),
(434, 'Palash Upazila', '2023-07-18 02:29:37.183232', NULL, NULL, 50),
(435, 'RaipuraUpazila', '2023-07-18 02:29:37.183232', NULL, NULL, 50),
(436, 'Shibpur Upazila', '2023-07-18 02:29:37.183232', NULL, NULL, 50),
(437, 'Bagerhat Sadar Upazila', '2023-07-18 02:29:37.183232', NULL, NULL, 51),
(438, 'Chitalmari Upazila', '2023-07-18 02:29:37.183232', NULL, NULL, 51),
(439, 'Fakirhat Upazila', '2023-07-18 02:29:37.183232', NULL, NULL, 51),
(440, 'Kachua Upazila', '2023-07-18 02:29:37.183232', NULL, NULL, 51),
(441, 'Mollahat Upazila', '2023-07-18 02:29:37.183232', NULL, NULL, 51),
(442, 'Mongla Upazila', '2023-07-18 02:29:37.183232', NULL, NULL, 51),
(443, 'Morrelganj Upazila', '2023-07-18 02:29:37.183232', NULL, NULL, 51),
(444, 'Rampal Upazila', '2023-07-18 02:29:37.183232', NULL, NULL, 51),
(445, 'Sarankhola Upazila', '2023-07-18 02:29:37.183232', NULL, NULL, 51),
(446, 'Alamdanga Upazila', '2023-07-18 02:29:37.183232', NULL, NULL, 52),
(447, 'Chuadanga Sadar Upazila', '2023-07-18 02:29:37.183232', NULL, NULL, 52),
(448, 'Damurhuda Upazila', '2023-07-18 02:29:37.183232', NULL, NULL, 52),
(449, 'Jibannagar Upazila', '2023-07-18 02:29:37.183232', NULL, NULL, 52),
(450, 'Abhaynagar Upazila', '2023-07-18 02:29:37.183232', NULL, NULL, 53),
(451, 'Bagherpara Upazila', '2023-07-18 02:29:37.183232', NULL, NULL, 53),
(452, 'Chaugachha Upazila', '2023-07-18 02:29:37.183232', NULL, NULL, 53),
(453, 'JhikargachhaUpazila', '2023-07-18 02:29:37.183232', NULL, NULL, 53),
(454, 'Keshabpur Upazila', '2023-07-18 02:29:37.183232', NULL, NULL, 53),
(455, 'Jashore SadarUpazila', '2023-07-18 02:29:37.183232', NULL, NULL, 53),
(456, 'Manirampur Upazila', '2023-07-18 02:29:37.183232', NULL, NULL, 53),
(457, 'Sharsha Upazila', '2023-07-18 02:29:37.183232', NULL, NULL, 53),
(458, 'Harinakunda Upazila', '2023-07-18 02:29:37.183232', NULL, NULL, 54),
(459, 'Jhenaidah Sadar Upazila', '2023-07-18 02:29:37.183232', NULL, NULL, 54),
(460, 'Kaliganj Upazila', '2023-07-18 02:29:37.183232', NULL, NULL, 54),
(461, 'Kotchandpur Upazila', '2023-07-18 02:29:37.183232', NULL, NULL, 54),
(462, 'Maheshpur Upazila', '2023-07-18 02:29:37.183232', NULL, NULL, 54),
(463, 'Shailkupa Upazila', '2023-07-18 02:29:37.183232', NULL, NULL, 54),
(464, 'Batiaghata Upazila', '2023-07-18 02:29:37.183232', NULL, NULL, 55),
(465, 'Dacope Upazila', '2023-07-18 02:29:37.183232', NULL, NULL, 55),
(466, 'Dumuria Upazila', '2023-07-18 02:29:37.183232', NULL, NULL, 55),
(467, 'Dighalia Upazila', '2023-07-18 02:29:37.183232', NULL, NULL, 55),
(468, 'Koyra Upazila', '2023-07-18 02:29:37.183232', NULL, NULL, 55),
(469, 'Paikgachha Upazila', '2023-07-18 02:29:37.183232', NULL, NULL, 55),
(470, 'Phultala Upazila', '2023-07-18 02:29:37.183232', NULL, NULL, 55),
(471, 'Rupsha Upazila', '2023-07-18 02:29:37.183232', NULL, NULL, 55),
(472, 'Terokhada Upazila', '2023-07-18 02:29:37.183232', NULL, NULL, 55),
(473, 'Bheramara Upazila', '2023-07-18 02:29:37.183232', NULL, NULL, 56),
(474, 'Daulatpur Upazila', '2023-07-18 02:29:37.183232', NULL, NULL, 56),
(475, 'Khoksa Upazila', '2023-07-18 02:29:37.183232', NULL, NULL, 56),
(476, 'Kumarkhali Upazila', '2023-07-18 02:29:37.183232', NULL, NULL, 56),
(477, 'Kushtia Sadar Upazila', '2023-07-18 02:29:37.183232', NULL, NULL, 56),
(478, 'Mirpur Upazila', '2023-07-18 02:29:37.183232', NULL, NULL, 56),
(479, 'Magura Sadar Upazila', '2023-07-18 02:29:37.183232', NULL, NULL, 57),
(480, 'Mohammadpur Upazila', '2023-07-18 02:29:37.183232', NULL, NULL, 57),
(481, 'Shalikha Upazila', '2023-07-18 02:29:37.183232', NULL, NULL, 57),
(482, 'Sreepur Upazila', '2023-07-18 02:29:37.183232', NULL, NULL, 57),
(483, 'Gangni Upazila', '2023-07-18 02:29:37.183232', NULL, NULL, 58),
(484, 'Meherpur Sadar Upazila', '2023-07-18 02:29:37.183232', NULL, NULL, 58),
(485, 'Mujibnagar Upazila', '2023-07-18 02:29:37.183232', NULL, NULL, 58),
(486, 'Kalia Upazila', '2023-07-18 02:29:37.183232', NULL, NULL, 59),
(487, 'Lohagara Upazila', '2023-07-18 02:29:37.183232', NULL, NULL, 59),
(488, 'Narail Sadar Upazila', '2023-07-18 02:29:37.183232', NULL, NULL, 59),
(489, 'Naragati Thana', '2023-07-18 02:29:37.183232', NULL, NULL, 59),
(490, 'Assasuni Upazila', '2023-07-18 02:29:37.183232', NULL, NULL, 60),
(491, 'Debhata Upazila', '2023-07-18 02:29:37.183232', NULL, NULL, 60),
(492, 'Kalaroa Upazila', '2023-07-18 02:29:37.183232', NULL, NULL, 60),
(493, 'Kaliganj Upazila', '2023-07-18 02:29:37.183232', NULL, NULL, 60),
(494, 'Satkhira Sadar Upazila', '2023-07-18 02:29:37.183232', NULL, NULL, 60),
(495, 'Shyamnagar Upazila', '2023-07-18 02:29:37.183232', NULL, NULL, 60),
(496, 'Tala Upazila', '2023-07-18 02:29:37.183232', NULL, NULL, 60),
(497, 'Ajmiriganj Upazila', '2023-07-18 02:29:37.183232', NULL, NULL, 61),
(498, 'Bahubal Upazila', '2023-07-18 02:29:37.183232', NULL, NULL, 61),
(499, 'BaniyachongUpazila', '2023-07-18 02:29:37.183232', NULL, NULL, 61),
(500, 'Chunarughat Upazila', '2023-07-18 02:29:37.183232', NULL, NULL, 61),
(501, 'Habiganj Sadar Upazila', '2023-07-18 02:29:37.183232', NULL, NULL, 61),
(502, 'Lakhai Upazila', '2023-07-18 02:29:37.183232', NULL, NULL, 61),
(503, 'Madhabpur Upazila', '2023-07-18 02:29:37.183232', NULL, NULL, 61),
(504, 'Nabiganj Upazila', '2023-07-18 02:29:37.183232', NULL, NULL, 61),
(505, 'SayestaganjUpazila', '2023-07-18 02:29:37.183232', NULL, NULL, 61),
(506, 'Barlekha Upazila', '2023-07-18 02:29:37.183232', NULL, NULL, 62),
(507, 'Juri Upazila', '2023-07-18 02:29:37.183232', NULL, NULL, 62),
(508, 'Kamalganj Upazila', '2023-07-18 02:29:37.183232', NULL, NULL, 62),
(509, 'Kulaura Upazila', '2023-07-18 02:29:37.183232', NULL, NULL, 62),
(510, 'Moulvibazar SadarUpazila', '2023-07-18 02:29:37.183232', NULL, NULL, 62),
(511, 'Rajnagar Upazila', '2023-07-18 02:29:37.183232', NULL, NULL, 62),
(512, 'Sreemangal Upazila', '2023-07-18 02:29:37.183232', NULL, NULL, 62),
(513, 'Bishwamvarpur Upazila', '2023-07-18 02:29:37.183232', NULL, NULL, 63),
(514, 'Chhatak Upazila', '2023-07-18 02:29:37.183232', NULL, NULL, 63),
(515, 'Dakshin SunamganjUpazila', '2023-07-18 02:29:37.183232', NULL, NULL, 63),
(516, 'Derai Upazila', '2023-07-18 02:29:37.183232', NULL, NULL, 63),
(517, 'DharamapashaUpazila', '2023-07-18 02:29:37.183232', NULL, NULL, 63),
(518, 'Dowarabazar Upazila', '2023-07-18 02:29:37.183232', NULL, NULL, 63),
(519, 'Jagannathpur Upazila', '2023-07-18 02:29:37.183232', NULL, NULL, 63),
(520, 'Jamalganj Upazila', '2023-07-18 02:29:37.183232', NULL, NULL, 63),
(521, 'Sullah Upazila', '2023-07-18 02:29:37.183232', NULL, NULL, 63),
(522, 'Sunamganj Sadar Upazila', '2023-07-18 02:29:37.183232', NULL, NULL, 63);
INSERT INTO `personal_data_upazila` (`id`, `name`, `created_at`, `updated_at`, `deleted_at`, `district_id`) VALUES
(523, 'Tahirpur Upazila', '2023-07-18 02:29:37.183232', NULL, NULL, 63),
(524, 'Balaganj Upazila', '2023-07-18 02:29:37.183232', NULL, NULL, 64),
(525, 'Beanibazar Upazila', '2023-07-18 02:29:37.183232', NULL, NULL, 64),
(526, 'Bishwanath Upazila', '2023-07-18 02:29:37.183232', NULL, NULL, 64),
(527, 'Companigonj Upazila', '2023-07-18 02:29:37.183232', NULL, NULL, 64),
(528, 'Dakshin Surma Upazila', '2023-07-18 02:29:37.183232', NULL, NULL, 64),
(529, 'Fenchuganj Upazila', '2023-07-18 02:29:37.183232', NULL, NULL, 64),
(530, 'Golapganj Upazila', '2023-07-18 02:29:37.183232', NULL, NULL, 64),
(531, 'Gowainghat Upazila', '2023-07-18 02:29:37.183232', NULL, NULL, 64),
(532, 'Jaintiapur Upazila', '2023-07-18 02:29:37.183232', NULL, NULL, 64),
(533, 'Kanaighat Upazila', '2023-07-18 02:29:37.183232', NULL, NULL, 64),
(534, 'Osmani Nagar Upazila', '2023-07-18 02:29:37.183232', NULL, NULL, 64),
(535, 'Sylhet Sadar Upazila', '2023-07-18 02:29:37.183232', NULL, NULL, 64),
(536, 'Zakiganj Upazila', '2023-07-18 02:29:37.183232', NULL, NULL, 64);

INSERT INTO `personal_data_gender` (`id`, `name`) VALUES
(1, 'Male'),
(2, 'Female'),
(3, 'Other');

INSERT INTO `personal_data_blood_group` (`id`, `name`) VALUES
(1, 'A+'),
(2, 'A-'),
(3, 'B+'),
(4, 'B-'),
(5, 'O+'),
(6, 'O-'),
(7, 'AB+'),
(8, 'AB-');

INSERT INTO `personal_data_matrimony` (`id`, `name`) VALUES
(1, 'Married'),
(2, 'Unmarried'),
(3, 'Separated, or Widowed'),
(4, 'Divorced'),
(5, 'Other');


INSERT INTO `personal_data_religion` (`id`, `name`) VALUES
(1, 'Islam'),
(2, 'Hinduism'),
(3, 'Christianity'),
(4, 'Buddhism'),
(5, 'Other');

INSERT INTO `doctor_board` (`id`, `name`) VALUES
(1, 'Barisal Board'),
(2, 'Chittagong Board'),
(3, 'Comilla Board'),
(4, 'Dhaka Board'),
(5, 'Dinajpur Board'),
(6, 'Jessore Board'),
(7, 'Mymensingh Board'),
(8, 'Rajshahi Board'),
(9, 'Sylhet Board'),
(10, 'Madrasah Education Board'),
(11, 'Technical Education Board'),
(12, 'National Curriculum and Textbook Board.');


INSERT INTO `user_user`( `id`, `user_name`, `email`, `password`, `hash`, `role`, `status`, `created_at`, `updated_at`, `deleted_at` ) VALUES
(1, 'admin', 'admin@admin.com', 'admin', '8c6976e5b5410415bde908bd4dee15dfb167a9c873fc4bb8a81f6f2ab448a918', 'admin', 'active', '2023-07-02 23:27:25', NULL, NULL );

INSERT INTO `verifyotp_varifyotp` (`id`, `otp`, `is_verified`, `created_at`, `updated_at`, `deleted_at`, `user_id`) VALUES ('1', '0', '1', '2023-07-18 02:29:37.183232', NULL, NULL, '1');